Site,Partition,&alpha; ,&beta;<sup>-</sup>,p<sup>-</sup>,&beta;<sup>+</sup>,p<sup>+</sup>,LRT,p-value,# branches under selection,Total branch length,MEME LogL,FEL LogL
1,1,"0.00","0.00","1.00","0.00","0.00","0.00","1.00","0.00","0.00","0.00","0.00"
2,1,"0.00","0.00","1.00","0.00","0.00","0.00","1.00","0.00","0.00","0.00","0.00"
3,1,"0.00","0.00","1.00","0.00","0.00","0.00","1.00","0.00","0.00","0.00","0.00"
4,1,"0.00","0.00","1.00","0.00","0.00","0.00","1.00","0.00","0.00","0.00","0.00"
5,1,"0.00","0.00","1.00","0.00","0.00","0.00","1.00","0.00","0.00","0.00","0.00"
6,1,"0.83","0.51","1.00","1.24","0.00","0.00","0.67","0.00","0.00","-15.95","-15.95"
7,1,"1.53","1.15","1.00","2.94","0.00","0.00","0.67","0.00","0.00","-20.83","-20.83"
8,1,"0.00","0.00","1.00","0.00","0.00","0.00","1.00","0.00","0.00","0.00","0.00"
9,1,"0.00","0.00","1.00","0.00","0.00","0.00","1.00","0.00","0.00","0.00","0.00"
10,1,"0.00","0.00","1.00","0.00","0.00","0.00","1.00","0.00","0.00","0.00","0.00"
11,1,"0.00","0.00","1.00","0.00","0.00","0.00","1.00","0.00","0.00","0.00","0.00"
12,1,"0.00","0.00","1.00","0.00","0.00","0.00","1.00","0.00","0.00","0.00","0.00"
13,1,"0.00","0.00","0.74","9.91","0.26","2.83","0.12","3.00","0.00","-26.87","-26.69"
14,1,"0.00","0.00","1.00","0.00","0.00","0.00","1.00","0.00","0.00","0.00","0.00"
15,1,"1.78","0.46","1.00","2.67","0.00","0.00","0.67","0.00","0.00","-18.18","-18.18"
16,1,"0.00","0.00","1.00","0.00","0.00","0.00","1.00","0.00","0.00","0.00","0.00"
17,1,"0.00","0.00","0.98","332.52","0.02","2.94","0.11","1.00","0.00","-12.68","-11.61"
18,1,"0.00","0.00","0.95","75.67","0.05","3.64","0.08","2.00","0.00","-18.11","-17.24"
19,1,"0.00","0.00","1.00","0.00","0.00","0.00","1.00","0.00","0.00","0.00","0.00"
20,1,"0.00","0.00","1.00","0.00","0.00","0.00","1.00","0.00","0.00","0.00","0.00"
21,1,"0.00","0.00","1.00","0.00","0.00","0.00","1.00","0.00","0.00","0.00","0.00"
22,1,"2.52","0.00","1.00","5.28","0.00","0.00","0.67","0.00","0.00","-10.02","-10.02"
23,1,"1.01","0.00","1.00","1.51","0.00","0.00","0.67","0.00","0.00","-9.90","-9.90"
24,1,"0.00","0.00","1.00","0.00","0.00","0.00","1.00","0.00","0.00","0.00","0.00"
25,1,"1.87","0.00","1.00","2.80","0.00","0.00","0.67","0.00","0.00","-10.31","-10.31"
26,1,"0.00","0.00","1.00","0.00","0.00","0.00","1.00","0.00","0.00","0.00","0.00"
27,1,"0.00","0.00","1.00","0.00","0.00","0.00","1.00","0.00","0.00","0.00","0.00"
28,1,"1.06","0.00","1.00","1.59","0.00","0.00","0.67","0.00","0.00","-7.92","-7.92"
29,1,"0.00","0.00","1.00","0.00","0.00","0.00","1.00","0.00","0.00","0.00","0.00"
30,1,"0.00","0.00","1.00","0.00","0.00","0.00","1.00","0.00","0.00","0.00","0.00"
31,1,"1.04","0.00","1.00","1.94","0.00","0.00","0.67","0.00","0.00","-10.05","-10.05"
32,1,"0.00","0.00","1.00","0.00","0.00","0.00","1.00","0.00","0.00","0.00","0.00"
33,1,"0.00","0.00","1.00","0.00","0.00","0.00","1.00","0.00","0.00","0.00","0.00"
34,1,"0.00","0.00","1.00","0.00","0.00","0.00","1.00","0.00","0.00","0.00","0.00"
35,1,"0.00","0.00","1.00","0.00","0.00","0.00","1.00","0.00","0.00","0.00","0.00"
36,1,"2.46","0.00","1.00","5.12","0.00","0.00","0.67","0.00","0.00","-12.04","-12.04"
37,1,"0.00","0.00","1.00","0.00","0.00","0.00","1.00","0.00","0.00","0.00","0.00"
38,1,"0.00","0.00","1.00","0.00","0.00","0.00","1.00","0.00","0.00","0.00","0.00"
39,1,"0.00","0.00","1.00","0.00","0.00","0.00","1.00","0.00","0.00","0.00","0.00"
40,1,"0.00","0.00","1.00","0.00","0.00","0.00","1.00","0.00","0.00","0.00","0.00"
41,1,"0.00","0.00","1.00","0.00","0.00","0.00","1.00","0.00","0.00","0.00","0.00"
42,1,"0.00","0.00","1.00","0.00","0.00","0.00","1.00","0.00","0.00","0.00","0.00"
43,1,"1.25","0.00","1.00","1.87","0.00","0.00","0.67","0.00","0.00","-7.29","-7.29"
44,1,"0.00","0.00","1.00","0.00","0.00","0.00","1.00","0.00","0.00","0.00","0.00"
45,1,"0.00","0.00","1.00","0.00","0.00","0.00","1.00","0.00","0.00","0.00","0.00"
46,1,"2.21","0.00","1.00","3.31","0.00","0.00","0.67","0.00","0.00","-10.30","-10.30"
47,1,"0.00","0.00","1.00","0.00","0.00","0.00","1.00","0.00","0.00","0.00","0.00"
48,1,"0.00","0.00","1.00","0.00","0.00","0.00","1.00","0.00","0.00","0.00","0.00"
49,1,"0.62","0.00","1.00","1.14","0.00","0.00","0.67","0.00","0.00","-9.06","-9.06"
50,1,"0.00","0.00","1.00","0.00","0.00","0.00","1.00","0.00","0.00","0.00","0.00"
51,1,"0.00","0.00","1.00","0.00","0.00","0.00","1.00","0.00","0.00","0.00","0.00"
52,1,"0.00","0.00","1.00","0.00","0.00","0.00","1.00","0.00","0.00","0.00","0.00"
53,1,"0.00","0.00","1.00","0.00","0.00","0.00","1.00","0.00","0.00","0.00","0.00"
54,1,"0.00","0.00","1.00","0.00","0.00","0.00","1.00","0.00","0.00","0.00","0.00"
55,1,"0.00","0.00","1.00","0.00","0.00","0.00","1.00","0.00","0.00","0.00","0.00"
56,1,"1.10","0.00","1.00","2.05","0.00","0.00","0.67","0.00","0.00","-8.05","-8.05"
57,1,"0.00","0.00","0.01","0.51","0.99","1.00","0.32","1.00","0.00","-10.38","-10.38"
58,1,"0.00","0.00","0.00","0.40","1.00","0.77","0.36","1.00","0.00","-10.50","-10.50"
59,1,"0.00","0.00","1.00","0.00","0.00","0.00","1.00","0.00","0.00","0.00","0.00"
60,1,"0.00","0.00","1.00","0.00","0.00","0.00","1.00","0.00","0.00","0.00","0.00"
61,1,"0.00","0.00","1.00","0.00","0.00","0.00","1.00","0.00","0.00","0.00","0.00"
62,1,"0.00","0.00","1.00","0.00","0.00","0.00","1.00","0.00","0.00","0.00","0.00"
63,1,"0.00","0.00","1.00","0.00","0.00","0.00","1.00","0.00","0.00","0.00","0.00"
64,1,"1.55","0.00","1.00","2.33","0.00","0.00","0.67","0.00","0.00","-9.30","-9.30"
65,1,"0.00","0.00","1.00","0.00","0.00","0.00","1.00","0.00","0.00","0.00","0.00"
66,1,"0.00","0.00","0.00","0.33","1.00","0.25","0.51","0.00","0.00","-9.00","-9.00"
67,1,"0.84","0.47","1.00","1.25","0.00","0.00","0.67","0.00","0.00","-17.41","-17.41"
68,1,"0.00","0.00","0.01","0.41","0.99","0.70","0.38","0.00","0.00","-8.81","-8.81"
69,1,"0.00","0.00","1.00","0.00","0.00","0.00","1.00","0.00","0.00","0.00","0.00"
70,1,"0.00","0.00","1.00","0.00","0.00","0.00","1.00","0.00","0.00","0.00","0.00"
71,1,"1.04","0.00","1.00","1.57","0.00","0.00","0.67","0.00","0.00","-8.19","-8.19"
72,1,"0.00","0.00","0.97","95.38","0.03","11.14","0.00","1.00","0.00","-16.40","-11.78"
73,1,"1.34","0.00","1.00","2.01","0.00","0.00","0.67","0.00","0.00","-8.09","-8.09"
74,1,"0.00","0.00","1.00","0.00","0.00","0.00","1.00","0.00","0.00","0.00","0.00"
75,1,"0.00","0.00","1.00","0.00","0.00","0.00","1.00","0.00","0.00","0.00","0.00"
76,1,"0.00","0.00","1.00","0.00","0.00","0.00","1.00","0.00","0.00","0.00","0.00"
77,1,"0.00","0.00","1.00","0.00","0.00","0.00","1.00","0.00","0.00","0.00","0.00"
78,1,"0.00","0.00","1.00","0.00","0.00","0.00","1.00","0.00","0.00","0.00","0.00"
79,1,"0.00","0.00","1.00","0.00","0.00","0.00","1.00","0.00","0.00","0.00","0.00"
80,1,"1.00","0.00","1.00","1.50","0.00","0.00","0.67","0.00","0.00","-9.06","-9.06"
81,1,"0.00","0.00","1.00","0.00","0.00","0.00","1.00","0.00","0.00","0.00","0.00"
82,1,"0.00","0.00","1.00","0.00","0.00","0.00","1.00","0.00","0.00","0.00","0.00"
83,1,"0.00","0.00","1.00","0.00","0.00","0.00","1.00","0.00","0.00","0.00","0.00"
84,1,"0.00","0.00","1.00","0.00","0.00","0.00","1.00","0.00","0.00","0.00","0.00"
85,1,"0.00","0.00","1.00","0.00","0.00","0.00","1.00","0.00","0.00","0.00","0.00"
86,1,"0.00","0.00","1.00","0.00","0.00","0.00","1.00","0.00","0.00","0.00","0.00"
87,1,"3.98","0.00","1.00","5.97","0.00","0.00","0.67","0.00","0.00","-12.85","-12.85"
88,1,"0.61","0.00","1.00","1.12","0.00","0.00","0.67","0.00","0.00","-12.33","-12.33"
89,1,"0.00","0.00","1.00","0.00","0.00","0.00","1.00","0.00","0.00","0.00","0.00"
90,1,"0.00","0.00","1.00","0.00","0.00","0.00","1.00","0.00","0.00","0.00","0.00"
91,1,"0.00","0.00","0.01","0.67","0.99","1.25","0.28","1.00","0.00","-10.85","-10.85"
92,1,"0.00","0.00","1.00","0.00","0.00","0.00","1.00","0.00","0.00","0.00","0.00"
93,1,"0.00","0.00","1.00","0.00","0.00","0.00","1.00","0.00","0.00","0.00","0.00"
94,1,"0.00","0.00","1.00","0.00","0.00","0.00","1.00","0.00","0.00","0.00","0.00"
95,1,"0.00","0.00","1.00","0.00","0.00","0.00","1.00","0.00","0.00","0.00","0.00"
96,1,"0.00","0.00","1.00","0.00","0.00","0.00","1.00","0.00","0.00","0.00","0.00"
97,1,"0.00","0.00","1.00","0.00","0.00","0.00","1.00","0.00","0.00","0.00","0.00"
98,1,"0.00","0.00","1.00","0.00","0.00","0.00","1.00","0.00","0.00","0.00","0.00"
99,1,"1.05","0.00","1.00","1.96","0.00","0.00","0.67","0.00","0.00","-11.10","-11.10"
100,1,"0.00","0.00","1.00","0.00","0.00","0.00","1.00","0.00","0.00","0.00","0.00"
101,1,"0.00","0.00","1.00","0.00","0.00","0.00","1.00","0.00","0.00","0.00","0.00"
102,1,"0.00","0.00","1.00","0.00","0.00","0.00","1.00","0.00","0.00","0.00","0.00"
103,1,"1.17","0.00","1.00","2.20","0.00","0.00","0.67","0.00","0.00","-7.57","-7.57"
104,1,"0.00","0.00","1.00","0.00","0.00","0.00","1.00","0.00","0.00","0.00","0.00"
105,1,"0.00","0.00","1.00","0.00","0.00","0.00","1.00","0.00","0.00","0.00","0.00"
106,1,"0.90","0.00","1.00","1.66","0.00","0.00","0.67","0.00","0.00","-8.90","-8.90"
107,1,"0.00","0.00","1.00","0.00","0.00","0.00","1.00","0.00","0.00","0.00","0.00"
108,1,"0.00","0.00","1.00","0.00","0.00","0.00","1.00","0.00","0.00","0.00","0.00"
109,1,"0.00","0.00","1.00","0.00","0.00","0.00","1.00","0.00","0.00","0.00","0.00"
110,1,"1.12","0.00","1.00","1.68","0.00","0.00","0.67","0.00","0.00","-8.45","-8.45"
111,1,"0.00","0.00","1.00","0.00","0.00","0.00","1.00","0.00","0.00","0.00","0.00"
112,1,"0.00","0.00","1.00","0.00","0.00","0.00","1.00","0.00","0.00","0.00","0.00"
113,1,"0.00","0.00","1.00","0.00","0.00","0.00","1.00","0.00","0.00","0.00","0.00"
114,1,"2.34","0.00","1.00","3.50","0.00","0.00","0.67","0.00","0.00","-11.49","-11.49"
115,1,"0.00","0.00","1.00","0.00","0.00","0.00","1.00","0.00","0.00","0.00","0.00"
116,1,"2.08","0.00","1.00","3.12","0.00","0.00","0.67","0.00","0.00","-9.02","-9.02"
117,1,"0.00","0.00","1.00","0.00","0.00","0.00","1.00","0.00","0.00","0.00","0.00"
118,1,"0.82","0.00","1.00","1.23","0.00","0.00","0.67","0.00","0.00","-10.06","-10.06"
119,1,"4.86","0.37","1.00","7.29","0.00","0.00","0.67","0.00","0.00","-20.24","-20.24"
120,1,"0.00","0.00","1.00","0.00","0.00","0.00","1.00","0.00","0.00","0.00","0.00"
121,1,"0.00","0.00","1.00","0.00","0.00","0.00","1.00","0.00","0.00","0.00","0.00"
122,1,"0.00","0.00","1.00","0.00","0.00","0.00","1.00","0.00","0.00","0.00","0.00"
123,1,"0.00","0.00","1.00","0.00","0.00","0.00","1.00","0.00","0.00","0.00","0.00"
124,1,"0.00","0.00","1.00","0.00","0.00","0.00","1.00","0.00","0.00","0.00","0.00"
125,1,"0.00","0.00","1.00","0.00","0.00","0.00","1.00","0.00","0.00","0.00","0.00"
126,1,"0.00","0.00","1.00","0.00","0.00","0.00","1.00","0.00","0.00","0.00","0.00"
127,1,"0.00","0.00","1.00","0.00","0.00","0.00","1.00","0.00","0.00","0.00","0.00"
128,1,"0.00","0.00","1.00","0.00","0.00","0.00","1.00","0.00","0.00","0.00","0.00"
129,1,"0.00","0.00","1.00","0.00","0.00","0.00","1.00","0.00","0.00","0.00","0.00"
130,1,"0.00","0.00","1.00","0.00","0.00","0.00","1.00","0.00","0.00","0.00","0.00"
131,1,"0.00","0.00","1.00","0.00","0.00","0.00","1.00","0.00","0.00","0.00","0.00"
132,1,"0.00","0.00","1.00","0.00","0.00","0.00","1.00","0.00","0.00","0.00","0.00"
133,1,"0.00","0.00","1.00","0.00","0.00","0.00","1.00","0.00","0.00","0.00","0.00"
134,1,"0.00","0.00","1.00","0.00","0.00","0.00","1.00","0.00","0.00","0.00","0.00"
135,1,"0.00","0.00","0.00","0.46","1.00","0.93","0.33","0.00","0.00","-8.60","-8.60"
136,1,"0.00","0.00","1.00","0.00","0.00","0.00","1.00","0.00","0.00","0.00","0.00"
137,1,"0.00","0.00","1.00","0.00","0.00","0.00","1.00","0.00","0.00","0.00","0.00"
138,1,"0.00","0.00","0.98","172.17","0.02","3.15","0.10","1.00","0.00","-11.91","-10.74"
139,1,"0.00","0.00","1.00","0.00","0.00","0.00","1.00","0.00","0.00","0.00","0.00"
140,1,"0.00","0.00","1.00","0.00","0.00","0.00","1.00","0.00","0.00","0.00","0.00"
141,1,"0.00","0.00","1.00","0.00","0.00","0.00","1.00","0.00","0.00","0.00","0.00"
142,1,"0.00","0.00","1.00","0.00","0.00","0.00","1.00","0.00","0.00","0.00","0.00"
143,1,"0.00","0.00","1.00","0.00","0.00","0.00","1.00","0.00","0.00","0.00","0.00"
144,1,"0.00","0.00","1.00","0.00","0.00","0.00","1.00","0.00","0.00","0.00","0.00"
145,1,"0.00","0.00","1.00","0.00","0.00","0.00","1.00","0.00","0.00","0.00","0.00"
146,1,"0.00","0.00","1.00","0.00","0.00","0.00","1.00","0.00","0.00","0.00","0.00"
147,1,"1.33","0.00","1.00","2.51","0.00","0.00","0.67","0.00","0.00","-7.45","-7.45"
148,1,"0.00","0.00","1.00","0.00","0.00","0.00","1.00","0.00","0.00","0.00","0.00"
149,1,"0.00","0.00","1.00","0.00","0.00","0.00","1.00","0.00","0.00","0.00","0.00"
150,1,"0.00","0.00","1.00","0.00","0.00","0.00","1.00","0.00","0.00","0.00","0.00"
151,1,"0.88","0.00","1.00","1.31","0.00","0.00","0.67","0.00","0.00","-8.17","-8.17"
152,1,"0.00","0.00","1.00","0.00","0.00","0.00","1.00","0.00","0.00","0.00","0.00"
153,1,"0.00","0.00","0.96","27.99","0.04","1.39","0.25","1.00","0.00","-11.02","-10.71"
154,1,"0.00","0.00","1.00","0.00","0.00","0.00","1.00","0.00","0.00","0.00","0.00"
155,1,"0.00","0.00","1.00","0.00","0.00","0.00","1.00","0.00","0.00","0.00","0.00"
156,1,"0.00","0.00","1.00","0.00","0.00","0.00","1.00","0.00","0.00","0.00","0.00"
157,1,"0.00","0.00","1.00","0.00","0.00","0.00","1.00","0.00","0.00","0.00","0.00"
158,1,"0.00","0.00","1.00","0.00","0.00","0.00","1.00","0.00","0.00","0.00","0.00"
159,1,"0.00","0.00","1.00","0.00","0.00","0.00","1.00","0.00","0.00","0.00","0.00"
160,1,"0.00","0.00","0.00","2.05","1.00","3.85","0.07","0.00","0.00","-19.47","-19.47"
161,1,"0.00","0.00","1.00","0.00","0.00","0.00","1.00","0.00","0.00","0.00","0.00"
162,1,"0.00","0.00","1.00","0.00","0.00","0.00","1.00","0.00","0.00","0.00","0.00"
163,1,"0.00","0.00","1.00","0.00","0.00","0.00","1.00","0.00","0.00","0.00","0.00"
164,1,"0.00","0.00","1.00","0.00","0.00","0.00","1.00","0.00","0.00","0.00","0.00"
165,1,"0.00","0.00","1.00","0.00","0.00","0.00","1.00","0.00","0.00","0.00","0.00"
166,1,"1.46","0.00","1.00","2.19","0.00","0.00","0.67","0.00","0.00","-8.57","-8.57"
167,1,"0.00","0.00","1.00","0.00","0.00","0.00","1.00","0.00","0.00","0.00","0.00"
168,1,"2.09","0.00","1.00","3.13","0.00","0.00","0.67","0.00","0.00","-11.87","-11.87"
169,1,"0.00","0.00","1.00","0.00","0.00","0.00","1.00","0.00","0.00","0.00","0.00"
170,1,"0.00","0.00","1.00","0.00","0.00","0.00","1.00","0.00","0.00","0.00","0.00"
171,1,"3.91","0.00","1.00","9.46","0.00","0.00","0.67","0.00","0.00","-15.92","-15.92"
172,1,"2.94","0.40","1.00","6.40","0.00","0.00","0.67","0.00","0.00","-15.42","-15.42"
173,1,"4.28","0.00","0.98","377.55","0.02","3.38","0.09","1.00","0.00","-25.21","-23.52"
174,1,"0.00","0.00","0.67","5.70","0.33","3.98","0.06","2.00","0.00","-21.91","-21.41"
175,1,"1.38","0.48","1.00","2.63","0.00","0.00","0.67","0.00","0.00","-14.52","-14.52"
176,1,"3.85","0.00","1.00","5.78","0.00","0.00","0.67","0.00","0.00","-11.08","-11.08"
177,1,"8.77","0.00","1.00","13.16","0.00","0.00","0.67","0.00","0.00","-17.57","-17.57"
178,1,"1.27","0.00","1.00","2.40","0.00","0.00","0.67","0.00","0.00","-8.20","-8.20"
179,1,"0.00","0.00","1.00","0.00","0.00","0.00","1.00","0.00","0.00","0.00","0.00"
180,1,"0.00","0.00","1.00","0.00","0.00","0.00","1.00","0.00","0.00","0.00","0.00"
181,1,"3.19","1.43","1.00","7.13","0.00","0.00","0.67","0.00","0.00","-32.00","-32.00"
182,1,"0.00","0.00","0.00","0.42","1.00","0.73","0.37","0.00","0.00","-8.45","-8.45"
183,1,"0.00","0.00","0.01","0.45","0.99","0.51","0.43","1.00","0.00","-10.64","-10.64"
184,1,"0.88","0.00","1.00","1.31","0.00","0.00","0.67","0.00","0.00","-9.99","-9.99"
185,1,"0.00","0.00","1.00","0.00","0.00","0.00","1.00","0.00","0.00","0.00","0.00"
186,1,"6.45","0.00","1.00","9.67","0.00","0.00","0.67","0.00","0.00","-16.07","-16.07"
187,1,"0.85","0.00","1.00","1.27","0.00","0.00","0.67","0.00","0.00","-7.96","-7.96"
188,1,"1.00","0.00","1.00","1.50","0.00","0.00","0.67","0.00","0.00","-9.56","-9.56"
189,1,"6.61","0.00","1.00","23.05","0.00","0.00","0.67","0.00","0.00","-19.28","-19.28"
190,1,"1.10","0.00","1.00","1.66","0.00","0.00","0.67","0.00","0.00","-7.94","-7.94"
191,1,"0.00","0.00","1.00","0.00","0.00","0.00","1.00","0.00","0.00","0.00","0.00"
192,1,"2.94","0.00","1.00","4.40","0.00","0.00","0.67","0.00","0.00","-13.28","-13.28"
193,1,"2.26","0.00","1.00","4.62","0.00","0.00","0.67","0.00","0.00","-12.33","-12.33"
194,1,"0.00","0.00","1.00","0.00","0.00","0.00","1.00","0.00","0.00","0.00","0.00"
195,1,"0.00","0.00","1.00","0.00","0.00","0.00","1.00","0.00","0.00","0.00","0.00"
196,1,"2.85","0.00","1.00","5.00","0.00","0.00","0.67","0.00","0.00","-21.29","-21.29"
197,1,"2.21","0.00","1.00","4.51","0.00","0.00","0.67","0.00","0.00","-17.30","-17.30"
198,1,"9.26","0.00","1.00","57.31","0.00","0.00","0.67","0.00","0.00","-16.36","-16.36"
199,1,"1.12","0.00","1.00","1.68","0.00","0.00","0.67","0.00","0.00","-9.30","-9.30"
200,1,"0.00","0.00","1.00","0.00","0.00","0.00","1.00","0.00","0.00","0.00","0.00"
201,1,"0.83","0.52","1.00","1.25","0.00","0.00","0.67","0.00","0.00","-14.51","-14.51"
202,1,"0.83","0.00","1.00","1.24","0.00","0.00","0.67","0.00","0.00","-7.57","-7.57"
203,1,"1.05","0.00","1.00","1.57","0.00","0.00","0.67","0.00","0.00","-10.97","-10.97"
204,1,"1.05","0.00","1.00","1.96","0.00","0.00","0.67","0.00","0.00","-9.25","-9.25"
205,1,"3.21","0.00","1.00","7.19","0.00","0.00","0.67","0.00","0.00","-14.78","-14.78"
206,1,"0.00","0.00","1.00","0.00","0.00","0.00","1.00","0.00","0.00","0.00","0.00"
207,1,"0.00","0.00","1.00","0.00","0.00","0.00","1.00","0.00","0.00","0.00","0.00"
208,1,"2.22","0.00","1.00","4.54","0.00","0.00","0.67","0.00","0.00","-10.59","-10.59"
209,1,"0.00","0.00","1.00","0.00","0.00","0.00","1.00","0.00","0.00","0.00","0.00"
210,1,"2.11","0.00","1.00","3.16","0.00","0.00","0.67","0.00","0.00","-14.64","-14.64"
211,1,"0.00","0.00","1.00","0.00","0.00","0.00","1.00","0.00","0.00","0.00","0.00"
212,1,"3.10","0.00","1.00","6.89","0.00","0.00","0.67","0.00","0.00","-8.77","-8.77"
213,1,"0.00","0.00","1.00","0.00","0.00","0.00","1.00","0.00","0.00","0.00","0.00"
214,1,"0.00","0.00","1.00","0.00","0.00","0.00","1.00","0.00","0.00","0.00","0.00"
215,1,"1.64","0.00","1.00","2.46","0.00","0.00","0.67","0.00","0.00","-8.02","-8.02"
216,1,"0.00","0.00","1.00","0.00","0.00","0.00","1.00","0.00","0.00","0.00","0.00"
217,1,"0.00","0.00","1.00","0.00","0.00","0.00","1.00","0.00","0.00","0.00","0.00"
218,1,"0.00","0.00","1.00","0.00","0.00","0.00","1.00","0.00","0.00","0.00","0.00"
219,1,"3.17","0.00","1.00","7.08","0.00","0.00","0.67","0.00","0.00","-9.71","-9.71"
220,1,"0.00","0.00","1.00","0.00","0.00","0.00","1.00","0.00","0.00","0.00","0.00"
221,1,"7.55","0.00","1.00","11.33","0.00","0.00","0.67","0.00","0.00","-17.55","-17.55"
222,1,"2.58","0.00","1.00","5.43","0.00","0.00","0.67","0.00","0.00","-11.07","-11.07"
223,1,"0.00","0.00","1.00","0.00","0.00","0.00","1.00","0.00","0.00","0.00","0.00"
224,1,"1.94","0.00","1.00","2.90","0.00","0.00","0.67","0.00","0.00","-10.62","-10.62"
225,1,"0.75","0.00","1.00","1.13","0.00","0.00","0.67","0.00","0.00","-9.79","-9.79"
226,1,"3.40","0.97","0.97","28.95","0.03","0.12","0.57","0.00","0.00","-37.88","-37.82"
227,1,"0.00","0.00","0.01","0.49","0.99","0.96","0.33","1.00","0.00","-10.64","-10.64"
228,1,"0.00","0.00","1.00","0.00","0.00","0.00","1.00","0.00","0.00","0.00","0.00"
229,1,"1.00","0.00","1.00","1.86","0.00","0.00","0.67","0.00","0.00","-9.40","-9.40"
230,1,"1.72","0.00","1.00","3.35","0.00","0.00","0.67","0.00","0.00","-8.33","-8.33"
231,1,"1.49","0.00","1.00","2.86","0.00","0.00","0.67","0.00","0.00","-8.38","-8.38"
232,1,"0.00","0.00","1.00","0.00","0.00","0.00","1.00","0.00","0.00","0.00","0.00"
233,1,"1.45","0.46","1.00","2.18","0.00","0.00","0.67","0.00","0.00","-17.80","-17.80"
234,1,"1.29","0.00","1.00","1.95","0.00","0.00","0.67","0.00","0.00","-9.00","-8.99"
235,1,"1.05","0.00","1.00","1.96","0.00","0.00","0.67","0.00","0.00","-10.03","-10.03"
236,1,"1.04","0.00","1.00","1.57","0.00","0.00","0.67","0.00","0.00","-7.96","-7.96"
237,1,"0.00","0.00","1.00","0.00","0.00","0.00","1.00","0.00","0.00","0.00","0.00"
238,1,"0.00","0.00","1.00","0.00","0.00","0.00","1.00","0.00","0.00","0.00","0.00"
239,1,"1.48","0.00","1.00","2.21","0.00","0.00","0.67","0.00","0.00","-8.17","-8.17"
240,1,"2.21","0.00","1.00","4.50","0.00","0.00","0.67","0.00","0.00","-18.37","-18.37"
241,1,"0.00","0.00","1.00","0.00","0.00","0.00","1.00","0.00","0.00","0.00","0.00"
242,1,"3.18","0.00","1.00","4.76","0.00","0.00","0.67","0.00","0.00","-15.68","-15.68"
243,1,"1.10","0.00","1.00","2.05","0.00","0.00","0.67","0.00","0.00","-9.76","-9.76"
244,1,"0.00","0.00","0.53","1.09","0.47","0.95","0.33","1.00","0.00","-10.54","-10.53"
245,1,"2.16","0.00","1.00","4.38","0.00","0.00","0.67","0.00","0.00","-11.17","-11.17"
246,1,"0.00","0.00","1.00","0.00","0.00","0.00","1.00","0.00","0.00","0.00","0.00"
247,1,"0.90","0.00","1.00","1.66","0.00","0.00","0.67","0.00","0.00","-7.70","-7.70"
248,1,"0.00","0.00","1.00","0.00","0.00","0.00","1.00","0.00","0.00","0.00","0.00"
249,1,"1.02","0.00","1.00","1.90","0.00","0.00","0.67","0.00","0.00","-12.68","-12.68"
250,1,"0.00","0.00","1.00","0.00","0.00","0.00","1.00","0.00","0.00","0.00","0.00"
251,1,"4.85","0.00","1.00","7.28","0.00","0.00","0.67","0.00","0.00","-15.09","-15.09"
252,1,"2.46","0.00","1.00","3.70","0.00","0.00","0.67","0.00","0.00","-9.83","-9.83"
253,1,"2.96","0.00","1.00","6.49","0.00","0.00","0.67","0.00","0.00","-15.76","-15.76"
254,1,"2.05","0.00","1.00","4.11","0.00","0.00","0.67","0.00","0.00","-14.93","-14.93"
255,1,"3.70","0.00","1.00","8.72","0.00","0.00","0.67","0.00","0.00","-17.34","-17.34"
256,1,"1.06","0.00","1.00","1.59","0.00","0.00","0.67","0.00","0.00","-10.15","-10.15"
257,1,"4.69","0.00","1.00","9.30","0.00","0.00","0.67","0.00","0.00","-21.34","-21.34"
258,1,"0.00","0.00","0.00","2.26","1.00","2.89","0.11","2.00","0.00","-26.57","-26.57"
259,1,"0.00","0.00","1.00","0.00","0.00","0.00","1.00","0.00","0.00","0.00","0.00"
260,1,"0.00","0.00","1.00","0.00","0.00","0.00","1.00","0.00","0.00","0.00","0.00"
261,1,"0.59","0.28","1.00","2.56","0.00","0.00","0.67","0.00","0.00","-11.48","-11.46"
262,1,"0.00","0.00","1.00","0.00","0.00","0.00","1.00","0.00","0.00","0.00","0.00"
263,1,"0.00","0.00","1.00","0.00","0.00","0.00","1.00","0.00","0.00","0.00","0.00"
264,1,"0.00","0.00","1.00","0.00","0.00","0.00","1.00","0.00","0.00","0.00","0.00"
265,1,"0.00","0.00","1.00","0.00","0.00","0.00","1.00","0.00","0.00","0.00","0.00"
266,1,"1.10","0.47","1.00","1.65","0.00","0.00","0.67","0.00","0.00","-13.45","-13.45"
267,1,"0.00","0.00","0.53","1.05","0.47","0.80","0.36","1.00","0.00","-10.47","-10.46"
268,1,"1.76","0.00","1.00","2.64","0.00","0.00","0.67","0.00","0.00","-12.32","-12.32"
269,1,"0.00","0.00","1.00","0.00","0.00","0.00","1.00","0.00","0.00","0.00","0.00"
270,1,"0.00","0.00","1.00","0.00","0.00","0.00","1.00","0.00","0.00","0.00","0.00"
271,1,"2.20","0.00","1.00","4.49","0.00","0.00","0.67","0.00","0.00","-11.85","-11.85"
272,1,"2.62","0.00","1.00","5.54","0.00","0.00","0.67","0.00","0.00","-10.79","-10.79"
273,1,"6.45","0.00","1.00","9.67","0.00","0.00","0.67","0.00","0.00","-14.44","-14.44"
274,1,"3.62","0.00","1.00","8.46","0.00","0.00","0.67","0.00","0.00","-12.98","-12.98"
275,1,"5.16","0.00","1.00","14.53","0.00","0.00","0.67","0.00","0.00","-15.22","-15.22"
276,1,"0.00","0.00","0.06","0.52","0.94","0.80","0.36","1.00","0.00","-10.60","-10.60"
277,1,"1.25","0.61","1.00","2.37","0.00","0.00","0.67","0.00","0.00","-14.46","-14.46"
278,1,"1.07","0.00","1.00","1.99","0.00","0.00","0.67","0.00","0.00","-9.61","-9.61"
279,1,"0.00","0.00","1.00","0.00","0.00","0.00","1.00","0.00","0.00","0.00","0.00"
280,1,"2.79","0.00","1.00","4.18","0.00","0.00","0.67","0.00","0.00","-17.29","-17.29"
281,1,"0.00","0.00","1.00","0.00","0.00","0.00","1.00","0.00","0.00","0.00","0.00"
282,1,"4.78","0.00","1.00","7.17","0.00","0.00","0.67","0.00","0.00","-18.81","-18.81"
283,1,"0.00","0.00","1.00","0.00","0.00","0.00","1.00","0.00","0.00","0.00","0.00"
284,1,"3.65","0.00","1.00","8.56","0.00","0.00","0.67","0.00","0.00","-13.43","-13.43"
285,1,"0.00","0.00","1.00","0.00","0.00","0.00","1.00","0.00","0.00","0.00","0.00"
286,1,"0.00","0.00","1.00","0.00","0.00","0.00","1.00","0.00","0.00","0.00","0.00"
287,1,"1.04","0.00","1.00","1.94","0.00","0.00","0.67","0.00","0.00","-9.99","-9.99"
288,1,"0.94","0.00","1.00","1.41","0.00","0.00","0.67","0.00","0.00","-7.71","-7.71"
289,1,"1.14","0.00","1.00","1.71","0.00","0.00","0.67","0.00","0.00","-8.09","-8.09"
290,1,"2.21","0.00","1.00","4.50","0.00","0.00","0.67","0.00","0.00","-16.81","-16.81"
291,1,"0.00","0.00","1.00","0.00","0.00","0.00","1.00","0.00","0.00","0.00","0.00"
292,1,"0.00","0.00","1.00","0.00","0.00","0.00","1.00","0.00","0.00","0.00","0.00"
293,1,"3.60","0.00","1.00","8.40","0.00","0.00","0.67","0.00","0.00","-13.40","-13.40"
294,1,"1.04","0.00","1.00","1.57","0.00","0.00","0.67","0.00","0.00","-8.19","-8.19"
295,1,"2.54","0.00","1.00","5.34","0.00","0.00","0.67","0.00","0.00","-10.15","-10.15"
296,1,"0.00","0.00","1.00","0.00","0.00","0.00","1.00","0.00","0.00","0.00","0.00"
297,1,"1.29","0.00","0.92","32.68","0.08","6.57","0.02","2.00","0.00","-28.69","-23.75"
298,1,"0.47","0.02","0.96","211.95","0.04","4.78","0.04","2.00","0.00","-24.25","-21.80"
299,1,"1.34","0.00","1.00","2.55","0.00","0.00","0.67","0.00","0.00","-7.83","-7.83"
300,1,"0.00","0.00","0.00","0.91","1.00","1.66","0.22","0.00","0.00","-15.02","-15.02"
301,1,"0.00","0.00","0.01","0.47","0.99","0.79","0.36","0.00","0.00","-9.32","-9.32"
302,1,"1.06","0.42","1.00","1.97","0.00","0.00","0.67","0.00","0.00","-16.57","-16.57"
303,1,"0.00","0.00","1.00","0.00","0.00","0.00","1.00","0.00","0.00","0.00","0.00"
304,1,"0.00","0.00","0.01","0.40","0.99","0.75","0.37","1.00","0.00","-10.19","-10.19"
305,1,"2.15","0.42","1.00","3.22","0.00","0.00","0.67","0.00","0.00","-20.15","-20.15"
306,1,"0.00","0.00","0.00","0.40","1.00","0.60","0.40","1.00","0.00","-8.66","-8.66"
307,1,"0.84","0.51","1.00","1.26","0.00","0.00","0.67","0.00","0.00","-16.13","-16.13"
308,1,"1.00","0.00","1.00","1.50","0.00","0.00","0.67","0.00","0.00","-9.31","-9.31"
309,1,"5.98","0.00","1.00","18.86","0.00","0.00","0.67","0.00","0.00","-15.84","-15.84"
310,1,"2.49","0.00","1.00","5.21","0.00","0.00","0.67","0.00","0.00","-15.47","-15.47"
311,1,"2.38","0.00","1.00","4.93","0.00","0.00","0.67","0.00","0.00","-11.59","-11.59"
312,1,"2.21","0.00","1.00","4.50","0.00","0.00","0.67","0.00","0.00","-9.65","-9.65"
313,1,"0.00","0.00","1.00","0.00","0.00","0.00","1.00","0.00","0.00","0.00","0.00"
314,1,"2.39","0.00","1.00","3.58","0.00","0.00","0.67","0.00","0.00","-13.43","-13.43"
315,1,"0.00","0.00","0.00","1.32","1.00","2.16","0.17","0.00","0.00","-11.07","-11.08"
316,1,"3.03","0.00","1.00","6.40","0.00","0.00","0.67","0.00","0.00","-15.25","-15.25"
317,1,"0.00","0.00","1.00","0.00","0.00","0.00","1.00","0.00","0.00","0.00","0.00"
318,1,"0.00","0.00","1.00","0.00","0.00","0.00","1.00","0.00","0.00","0.00","0.00"
319,1,"0.00","0.00","0.98","128.49","0.02","2.70","0.13","1.00","0.00","-11.72","-10.63"
320,1,"1.07","0.00","1.00","1.99","0.00","0.00","0.67","0.00","0.00","-7.63","-7.63"
321,1,"1.39","0.00","1.00","2.09","0.00","0.00","0.67","0.00","0.00","-11.09","-11.09"
322,1,"2.01","0.00","1.00","3.49","0.00","0.00","0.67","0.00","0.00","-10.38","-10.38"
323,1,"0.00","0.00","1.00","0.00","0.00","0.00","1.00","0.00","0.00","0.00","0.00"
324,1,"3.65","0.00","1.00","8.58","0.00","0.00","0.67","0.00","0.00","-20.41","-20.41"
325,1,"1.07","0.00","1.00","1.99","0.00","0.00","0.67","0.00","0.00","-7.83","-7.83"
326,1,"0.00","0.00","1.00","0.00","0.00","0.00","1.00","0.00","0.00","0.00","0.00"
327,1,"5.16","0.00","1.00","14.54","0.00","0.00","0.67","0.00","0.00","-19.37","-19.37"
328,1,"3.26","0.00","1.00","7.35","0.00","0.00","0.67","0.00","0.00","-14.84","-14.84"
329,1,"0.00","0.00","1.00","0.00","0.00","0.00","1.00","0.00","0.00","0.00","0.00"
330,1,"4.01","0.00","1.00","6.02","0.00","0.00","0.67","0.00","0.00","-14.60","-14.60"
331,1,"0.00","0.00","1.00","0.00","0.00","0.00","1.00","0.00","0.00","0.00","0.00"
332,1,"3.63","0.00","1.00","5.44","0.00","0.00","0.67","0.00","0.00","-13.49","-13.49"
333,1,"4.43","0.00","1.00","11.38","0.00","0.00","0.67","0.00","0.00","-18.58","-18.58"
334,1,"2.31","0.00","1.00","4.75","0.00","0.00","0.67","0.00","0.00","-10.89","-10.89"
335,1,"0.87","0.00","1.00","1.45","0.00","0.00","0.67","0.00","0.00","-10.65","-10.65"
336,1,"1.22","0.00","1.00","2.30","0.00","0.00","0.67","0.00","0.00","-8.27","-8.27"
337,1,"1.12","0.00","1.00","1.68","0.00","0.00","0.67","0.00","0.00","-8.26","-8.26"
338,1,"1.99","0.00","1.00","3.97","0.00","0.00","0.67","0.00","0.00","-13.05","-13.05"
339,1,"2.37","0.00","1.00","3.55","0.00","0.00","0.67","0.00","0.00","-10.50","-10.50"
340,1,"3.68","0.47","1.00","5.53","0.00","0.00","0.67","0.00","0.00","-18.79","-18.79"
341,1,"0.00","0.00","0.01","0.68","0.99","0.25","0.51","0.00","0.00","-14.48","-14.48"
342,1,"2.94","0.00","1.00","4.40","0.00","0.00","0.67","0.00","0.00","-12.86","-12.86"
343,1,"3.20","0.47","1.00","7.17","0.00","0.00","0.67","0.00","0.00","-23.20","-23.20"
344,1,"0.00","0.00","1.00","0.00","0.00","0.00","1.00","0.00","0.00","0.00","0.00"
345,1,"2.49","0.00","1.00","5.21","0.00","0.00","0.67","0.00","0.00","-10.22","-10.22"
346,1,"0.00","0.00","1.00","0.00","0.00","0.00","1.00","0.00","0.00","0.00","0.00"
347,1,"0.00","0.00","0.00","0.92","1.00","1.60","0.23","0.00","0.00","-13.18","-13.18"
348,1,"0.00","0.00","1.00","0.00","0.00","0.00","1.00","0.00","0.00","0.00","0.00"
349,1,"2.53","0.00","1.00","3.79","0.00","0.00","0.67","0.00","0.00","-11.04","-11.04"
350,1,"0.00","0.00","1.00","0.00","0.00","0.00","1.00","0.00","0.00","0.00","0.00"
351,1,"0.00","0.00","1.00","0.00","0.00","0.00","1.00","0.00","0.00","0.00","0.00"
352,1,"0.00","0.00","1.00","0.00","0.00","0.00","1.00","0.00","0.00","0.00","0.00"
353,1,"1.06","0.00","1.00","1.59","0.00","0.00","0.67","0.00","0.00","-8.11","-8.11"
354,1,"1.09","0.00","1.00","2.04","0.00","0.00","0.67","0.00","0.00","-10.13","-10.13"
355,1,"0.84","0.03","0.00","1.85","1.00","0.51","0.43","0.00","0.00","-23.42","-23.42"
356,1,"0.00","0.00","1.00","0.00","0.00","0.00","1.00","0.00","0.00","0.00","0.00"
357,1,"1.96","0.00","1.00","3.90","0.00","0.00","0.67","0.00","0.00","-11.14","-11.14"
358,1,"0.00","0.00","1.00","0.00","0.00","0.00","1.00","0.00","0.00","0.00","0.00"
359,1,"0.00","0.00","1.00","0.00","0.00","0.00","1.00","0.00","0.00","0.00","0.00"
360,1,"1.15","0.39","1.00","1.72","0.00","0.00","0.67","0.00","0.00","-14.29","-14.29"
361,1,"0.85","0.00","1.00","1.27","0.00","0.00","0.67","0.00","0.00","-7.91","-7.91"
362,1,"1.00","0.00","1.00","1.50","0.00","0.00","0.67","0.00","0.00","-9.92","-9.92"
363,1,"3.79","0.00","1.00","11.61","0.00","0.00","0.67","0.00","0.00","-11.79","-11.78"
364,1,"2.34","0.00","1.00","4.81","0.00","0.00","0.67","0.00","0.00","-12.05","-12.05"
365,1,"2.86","0.00","1.00","4.29","0.00","0.00","0.67","0.00","0.00","-9.97","-9.97"
366,1,"2.21","0.00","1.00","4.50","0.00","0.00","0.67","0.00","0.00","-10.27","-10.27"
367,1,"0.00","0.00","1.00","0.00","0.00","0.00","1.00","0.00","0.00","0.00","0.00"
368,1,"1.84","0.46","1.00","3.63","0.00","0.00","0.67","0.00","0.00","-16.79","-16.79"
369,1,"1.21","0.00","1.00","1.81","0.00","0.00","0.67","0.00","0.00","-8.73","-8.73"
370,1,"0.00","0.00","1.00","0.00","0.00","0.00","1.00","0.00","0.00","0.00","0.00"
371,1,"3.21","0.00","1.00","7.21","0.00","0.00","0.67","0.00","0.00","-9.95","-9.95"
372,1,"8.73","0.00","1.00","46.73","0.00","0.00","0.67","0.00","0.00","-17.99","-17.99"
373,1,"1.00","0.00","1.00","1.86","0.00","0.00","0.67","0.00","0.00","-8.87","-8.87"
374,1,"4.74","0.00","1.00","7.11","0.00","0.00","0.67","0.00","0.00","-19.18","-19.18"
375,1,"0.00","0.00","1.00","0.00","0.00","0.00","1.00","0.00","0.00","0.00","0.00"
376,1,"3.45","0.00","1.00","7.92","0.00","0.00","0.67","0.00","0.00","-15.31","-15.31"
377,1,"0.00","0.00","1.00","0.00","0.00","0.00","1.00","0.00","0.00","0.00","0.00"
378,1,"1.26","0.00","1.00","1.89","0.00","0.00","0.67","0.00","0.00","-11.52","-11.52"
379,1,"0.87","0.00","1.00","1.31","0.00","0.00","0.67","0.00","0.00","-7.85","-7.85"
380,1,"1.00","0.00","1.00","1.85","0.00","0.00","0.67","0.00","0.00","-7.86","-7.86"
381,1,"0.61","0.00","1.00","1.12","0.00","0.00","0.67","0.00","0.00","-10.54","-10.54"
382,1,"4.01","0.00","1.00","6.02","0.00","0.00","0.67","0.00","0.00","-12.72","-12.72"
383,1,"3.40","0.00","1.00","5.10","0.00","0.00","0.67","0.00","0.00","-15.15","-15.15"
384,1,"1.91","0.00","1.00","2.87","0.00","0.00","0.67","0.00","0.00","-16.21","-16.21"
385,1,"0.00","0.00","1.00","0.00","0.00","0.00","1.00","0.00","0.00","0.00","0.00"
386,1,"0.00","0.00","1.00","0.00","0.00","0.00","1.00","0.00","0.00","0.00","0.00"
387,1,"2.21","0.00","1.00","4.50","0.00","0.00","0.67","0.00","0.00","-14.19","-14.19"
388,1,"3.81","0.42","1.00","9.12","0.00","0.00","0.67","0.00","0.00","-21.15","-21.15"
389,1,"0.00","0.00","1.00","0.00","0.00","0.00","1.00","0.00","0.00","0.00","0.00"
390,1,"4.86","0.95","1.00","13.18","0.00","0.00","0.67","0.00","0.00","-27.71","-27.71"
391,1,"4.58","0.00","1.00","11.99","0.00","0.00","0.67","0.00","0.00","-12.31","-12.31"
392,1,"0.98","0.00","1.00","1.48","0.00","0.00","0.67","0.00","0.00","-13.01","-13.01"
393,1,"4.43","0.00","1.00","11.37","0.00","0.00","0.67","0.00","0.00","-14.98","-14.98"
394,1,"4.74","0.00","1.00","7.11","0.00","0.00","0.67","0.00","0.00","-16.63","-16.63"
395,1,"0.80","0.00","1.00","1.48","0.00","0.00","0.67","0.00","0.00","-10.83","-10.83"
396,1,"0.00","0.00","1.00","0.00","0.00","0.00","1.00","0.00","0.00","0.00","0.00"
397,1,"0.00","0.00","0.95","16.35","0.05","1.15","0.29","1.00","0.00","-10.20","-10.02"
398,1,"0.00","0.00","1.00","0.00","0.00","0.00","1.00","0.00","0.00","0.00","0.00"
399,1,"0.00","0.00","1.00","0.00","0.00","0.00","1.00","0.00","0.00","0.00","0.00"
400,1,"2.89","0.00","1.00","6.27","0.00","0.00","0.67","0.00","0.00","-10.01","-10.01"
401,1,"2.33","0.00","0.96","180.71","0.04","2.27","0.16","0.00","0.00","-24.47","-22.81"
402,1,"0.81","0.00","1.00","1.21","0.00","0.00","0.67","0.00","0.00","-7.79","-7.79"
403,1,"1.10","0.00","1.00","2.05","0.00","0.00","0.67","0.00","0.00","-8.09","-8.09"
404,1,"3.33","0.00","1.00","7.55","0.00","0.00","0.67","0.00","0.00","-16.42","-16.42"
405,1,"1.07","0.00","1.00","1.60","0.00","0.00","0.67","0.00","0.00","-9.14","-9.14"
406,1,"1.02","0.00","1.00","1.90","0.00","0.00","0.67","0.00","0.00","-10.03","-10.03"
407,1,"1.03","0.00","1.00","1.54","0.00","0.00","0.67","0.00","0.00","-7.40","-7.40"
408,1,"1.70","0.00","1.00","2.56","0.00","0.00","0.67","0.00","0.00","-14.47","-14.47"
409,1,"0.96","0.00","1.00","1.78","0.00","0.00","0.67","0.00","0.00","-7.47","-7.47"
410,1,"1.56","0.00","0.96","50.68","0.04","3.21","0.10","1.00","0.00","-20.21","-17.76"
411,1,"1.41","0.00","1.00","2.11","0.00","0.00","0.67","0.00","0.00","-11.31","-11.31"
412,1,"1.32","0.47","1.00","1.98","0.00","0.00","0.67","0.00","0.00","-13.29","-13.29"
413,1,"1.02","0.04","0.00","2.38","1.00","0.55","0.41","0.00","0.00","-23.80","-23.81"
414,1,"4.03","0.47","1.00","9.86","0.00","0.00","0.67","0.00","0.00","-18.94","-18.94"
415,1,"0.00","0.00","1.00","0.00","0.00","0.00","1.00","0.00","0.00","0.00","0.00"
416,1,"0.00","0.00","0.01","0.46","0.99","0.75","0.37","1.00","0.00","-11.18","-11.18"
417,1,"5.11","0.41","1.00","7.66","0.00","0.00","0.67","0.00","0.00","-21.95","-21.95"
418,1,"0.87","0.07","0.00","1.96","1.00","0.59","0.41","0.00","0.00","-23.37","-23.37"
419,1,"3.16","0.00","1.00","4.75","0.00","0.00","0.67","0.00","0.00","-14.15","-14.15"
420,1,"2.60","0.00","1.00","5.48","0.00","0.00","0.67","0.00","0.00","-9.20","-9.20"
421,1,"0.00","0.00","0.94","53.28","0.06","9.54","0.00","2.00","0.00","-21.43","-18.16"
422,1,"3.43","0.00","1.00","7.87","0.00","0.00","0.67","0.00","0.00","-17.68","-17.68"
423,1,"2.59","0.43","1.00","5.45","0.00","0.00","0.67","0.00","0.00","-14.48","-14.48"
424,1,"0.00","0.00","1.00","0.00","0.00","0.00","1.00","0.00","0.00","0.00","0.00"
425,1,"6.11","0.00","1.00","19.68","0.00","0.00","0.67","0.00","0.00","-14.34","-14.34"
426,1,"1.00","0.00","1.00","1.86","0.00","0.00","0.67","0.00","0.00","-9.56","-9.56"
427,1,"0.00","0.00","1.00","0.00","0.00","0.00","1.00","0.00","0.00","0.00","0.00"
428,1,"0.00","0.00","1.00","0.00","0.00","0.00","1.00","0.00","0.00","0.00","0.00"
429,1,"1.84","0.00","1.00","2.76","0.00","0.00","0.67","0.00","0.00","-9.78","-9.78"
430,1,"0.00","0.00","1.00","0.00","0.00","0.00","1.00","0.00","0.00","0.00","0.00"
431,1,"1.71","0.00","1.00","3.34","0.00","0.00","0.67","0.00","0.00","-11.85","-11.85"
432,1,"0.00","0.00","1.00","0.00","0.00","0.00","1.00","0.00","0.00","0.00","0.00"
433,1,"1.65","0.00","1.00","2.47","0.00","0.00","0.67","0.00","0.00","-7.55","-7.55"
434,1,"0.00","0.00","1.00","0.00","0.00","0.00","1.00","0.00","0.00","0.00","0.00"
435,1,"3.94","0.00","1.00","9.55","0.00","0.00","0.67","0.00","0.00","-13.17","-13.17"
436,1,"0.00","0.00","0.52","1.22","0.48","0.88","0.34","1.00","0.00","-11.30","-11.30"
437,1,"2.61","0.00","1.00","3.91","0.00","0.00","0.67","0.00","0.00","-13.55","-13.55"
438,1,"0.00","0.00","0.01","0.60","0.99","0.92","0.33","1.00","0.00","-10.42","-10.42"
439,1,"3.76","0.00","1.00","8.94","0.00","0.00","0.67","0.00","0.00","-10.04","-10.04"
440,1,"0.00","0.00","1.00","0.00","0.00","0.00","1.00","0.00","0.00","0.00","0.00"
441,1,"0.00","0.00","0.00","0.33","1.00","0.25","0.51","0.00","0.00","-9.00","-9.00"
442,1,"0.00","0.00","0.98","455.09","0.02","4.27","0.05","1.00","0.00","-13.90","-12.19"
443,1,"0.00","0.00","1.00","0.00","0.00","0.00","1.00","0.00","0.00","0.00","0.00"
444,1,"1.10","0.00","1.00","2.05","0.00","0.00","0.67","0.00","0.00","-8.51","-8.51"
445,1,"2.26","0.00","1.00","4.62","0.00","0.00","0.67","0.00","0.00","-10.67","-10.67"
446,1,"1.09","0.00","1.00","2.04","0.00","0.00","0.67","0.00","0.00","-9.97","-9.97"
447,1,"2.01","0.00","1.00","3.49","0.00","0.00","0.67","0.00","0.00","-9.86","-9.86"
448,1,"1.15","0.27","0.96","2.35","0.04","0.02","0.62","0.00","0.00","-15.02","-15.00"
449,1,"0.00","0.00","0.52","1.05","0.48","0.70","0.38","1.00","0.00","-10.88","-10.88"
450,1,"6.75","0.00","1.00","11.06","0.00","0.00","0.67","0.00","0.00","-23.40","-23.40"
451,1,"2.37","0.00","1.00","4.89","0.00","0.00","0.67","0.00","0.00","-10.41","-10.41"
452,1,"1.00","0.00","1.00","1.50","0.00","0.00","0.67","0.00","0.00","-9.03","-9.03"
453,1,"0.00","0.00","1.00","0.00","0.00","0.00","1.00","0.00","0.00","0.00","0.00"
454,1,"1.00","0.00","1.00","1.86","0.00","0.00","0.67","0.00","0.00","-8.71","-8.71"
455,1,"0.00","0.00","1.00","0.00","0.00","0.00","1.00","0.00","0.00","0.00","0.00"
456,1,"0.00","0.00","1.00","0.00","0.00","0.00","1.00","0.00","0.00","0.00","0.00"
457,1,"1.02","0.52","1.00","1.53","0.00","0.00","0.67","0.00","0.00","-15.93","-15.93"
458,1,"1.16","0.00","1.00","2.18","0.00","0.00","0.67","0.00","0.00","-8.91","-8.91"
459,1,"0.88","0.00","1.00","1.31","0.00","0.00","0.67","0.00","0.00","-8.03","-8.03"
460,1,"2.16","0.00","1.00","4.38","0.00","0.00","0.67","0.00","0.00","-10.30","-10.30"
461,1,"4.08","0.00","1.00","7.29","0.00","0.00","0.67","0.00","0.00","-12.81","-12.81"
462,1,"0.86","0.00","1.00","1.59","0.00","0.00","0.67","0.00","0.00","-8.01","-8.01"
463,1,"2.06","0.00","1.00","4.14","0.00","0.00","0.67","0.00","0.00","-18.27","-18.27"
464,1,"1.09","0.98","1.00","1.64","0.00","0.00","0.67","0.00","0.00","-16.17","-16.17"
465,1,"1.67","0.00","1.00","2.50","0.00","0.00","0.67","0.00","0.00","-15.43","-15.43"
466,1,"0.00","0.00","1.00","0.00","0.00","0.00","1.00","0.00","0.00","0.00","0.00"
467,1,"0.00","0.00","1.00","0.00","0.00","0.00","1.00","0.00","0.00","0.00","0.00"
468,1,"0.00","0.00","1.00","0.00","0.00","0.00","1.00","0.00","0.00","0.00","0.00"
469,1,"0.90","0.69","0.90","1.64","0.10","0.00","0.66","0.00","0.00","-15.02","-15.02"
470,1,"3.38","0.00","1.00","7.72","0.00","0.00","0.67","0.00","0.00","-18.43","-18.43"
471,1,"3.75","0.48","1.00","5.63","0.00","0.00","0.67","0.00","0.00","-21.10","-21.10"
472,1,"1.39","0.00","1.00","2.09","0.00","0.00","0.67","0.00","0.00","-8.07","-8.07"
473,1,"0.00","0.00","1.00","0.00","0.00","0.00","1.00","0.00","0.00","0.00","0.00"
474,1,"0.00","0.00","0.95","75.64","0.05","4.19","0.06","2.00","0.00","-17.43","-16.01"
475,1,"0.00","0.00","1.00","0.00","0.00","0.00","1.00","0.00","0.00","0.00","0.00"
476,1,"1.72","0.00","0.98","118.74","0.02","6.76","0.02","1.00","0.00","-20.30","-16.07"
477,1,"1.55","0.00","0.96","185.23","0.04","3.68","0.07","2.00","0.00","-24.00","-22.16"
478,1,"0.00","0.00","1.00","0.00","0.00","0.00","1.00","0.00","0.00","0.00","0.00"
479,1,"1.91","0.00","1.00","3.80","0.00","0.00","0.67","0.00","0.00","-11.45","-11.45"
480,1,"0.72","0.68","1.00","1.33","0.00","0.00","0.67","0.00","0.00","-14.75","-14.75"
481,1,"1.02","0.00","1.00","1.90","0.00","0.00","0.67","0.00","0.00","-9.41","-9.41"
482,1,"1.00","0.00","1.00","1.50","0.00","0.00","0.67","0.00","0.00","-10.05","-10.05"
483,1,"2.16","0.00","1.00","4.39","0.00","0.00","0.67","0.00","0.00","-12.05","-12.05"
484,1,"3.15","0.00","1.00","7.01","0.00","0.00","0.67","0.00","0.00","-13.41","-13.41"
485,1,"0.75","0.00","1.00","1.13","0.00","0.00","0.67","0.00","0.00","-9.79","-9.79"
486,1,"0.00","0.00","1.00","0.00","0.00","0.00","1.00","0.00","0.00","0.00","0.00"
487,1,"0.88","0.00","1.00","1.31","0.00","0.00","0.67","0.00","0.00","-8.49","-8.49"
488,1,"0.00","0.00","1.00","0.00","0.00","0.00","1.00","0.00","0.00","0.00","0.00"
489,1,"3.85","0.00","1.00","9.26","0.00","0.00","0.67","0.00","0.00","-15.51","-15.51"
490,1,"1.39","0.00","1.00","2.09","0.00","0.00","0.67","0.00","0.00","-7.96","-7.96"
491,1,"3.65","0.00","1.00","8.56","0.00","0.00","0.67","0.00","0.00","-11.35","-11.35"
492,1,"0.00","0.00","1.00","0.00","0.00","0.00","1.00","0.00","0.00","0.00","0.00"
493,1,"1.55","0.00","1.00","3.00","0.00","0.00","0.67","0.00","0.00","-10.46","-10.46"
494,1,"0.00","0.00","1.00","0.00","0.00","0.00","1.00","0.00","0.00","0.00","0.00"
495,1,"7.37","0.00","1.00","11.06","0.00","0.00","0.67","0.00","0.00","-18.31","-18.31"
496,1,"0.00","0.00","1.00","0.00","0.00","0.00","1.00","0.00","0.00","0.00","0.00"
497,1,"2.85","0.00","1.00","4.28","0.00","0.00","0.67","0.00","0.00","-14.67","-14.67"
498,1,"1.02","0.00","1.00","1.53","0.00","0.00","0.67","0.00","0.00","-9.71","-9.71"
499,1,"0.00","0.00","1.00","0.00","0.00","0.00","1.00","0.00","0.00","0.00","0.00"
500,1,"1.76","0.00","1.00","3.45","0.00","0.00","0.67","0.00","0.00","-12.25","-12.25"
501,1,"2.48","0.00","1.00","3.71","0.00","0.00","0.67","0.00","0.00","-13.62","-13.62"
502,1,"0.00","0.00","1.00","0.00","0.00","0.00","1.00","0.00","0.00","0.00","0.00"
503,1,"1.04","0.00","1.00","1.94","0.00","0.00","0.67","0.00","0.00","-11.10","-11.10"
504,1,"0.00","0.00","1.00","0.00","0.00","0.00","1.00","0.00","0.00","0.00","0.00"
505,1,"1.00","0.00","1.00","1.50","0.00","0.00","0.67","0.00","0.00","-9.01","-9.01"
506,1,"1.09","0.00","1.00","1.63","0.00","0.00","0.67","0.00","0.00","-8.00","-8.00"
507,1,"6.33","0.00","1.00","21.11","0.00","0.00","0.67","0.00","0.00","-16.39","-16.39"
508,1,"0.00","0.00","1.00","0.00","0.00","0.00","1.00","0.00","0.00","0.00","0.00"
509,1,"0.00","0.00","1.00","0.00","0.00","0.00","1.00","0.00","0.00","0.00","0.00"
510,1,"1.84","0.00","1.00","3.63","0.00","0.00","0.67","0.00","0.00","-8.49","-8.49"
511,1,"0.00","0.00","0.01","0.43","0.99","0.71","0.38","1.00","0.00","-10.69","-10.69"
512,1,"1.23","0.00","1.00","2.32","0.00","0.00","0.67","0.00","0.00","-10.23","-10.23"
513,1,"0.00","0.00","1.00","0.00","0.00","0.00","1.00","0.00","0.00","0.00","0.00"
514,1,"2.56","0.00","1.00","3.84","0.00","0.00","0.67","0.00","0.00","-14.07","-14.07"
515,1,"1.05","0.00","1.00","1.96","0.00","0.00","0.67","0.00","0.00","-10.07","-10.07"
516,1,"1.16","0.00","1.00","2.17","0.00","0.00","0.67","0.00","0.00","-10.09","-10.09"
517,1,"1.63","0.65","1.00","3.16","0.00","0.00","0.67","0.00","0.00","-14.20","-14.20"
518,1,"0.00","0.00","0.00","0.84","1.00","1.42","0.25","1.00","0.00","-11.64","-11.64"
519,1,"1.69","0.00","1.00","3.29","0.00","0.00","0.67","0.00","0.00","-14.37","-14.37"
520,1,"1.14","0.00","1.00","2.13","0.00","0.00","0.67","0.00","0.00","-7.83","-7.83"
521,1,"0.90","0.00","1.00","1.34","0.00","0.00","0.67","0.00","0.00","-11.99","-11.99"
522,1,"1.46","0.00","0.96","43.73","0.04","2.75","0.12","1.00","0.00","-20.02","-17.67"
523,1,"0.00","0.00","1.00","0.00","0.00","0.00","1.00","0.00","0.00","0.00","0.00"
524,1,"3.87","0.00","1.00","9.30","0.00","0.00","0.67","0.00","0.00","-16.69","-16.69"
525,1,"0.00","0.00","1.00","0.00","0.00","0.00","1.00","0.00","0.00","0.00","0.00"
526,1,"0.99","0.24","0.94","2.09","0.06","-0.57","0.67","0.00","0.00","-11.00","-10.98"
527,1,"2.16","0.00","1.00","4.39","0.00","0.00","0.67","0.00","0.00","-12.73","-12.73"
528,1,"0.00","0.00","1.00","0.00","0.00","0.00","1.00","0.00","0.00","0.00","0.00"
529,1,"0.00","0.00","1.00","0.00","0.00","0.00","1.00","0.00","0.00","0.00","0.00"
530,1,"3.20","0.00","1.00","7.16","0.00","0.00","0.67","0.00","0.00","-12.66","-12.66"
531,1,"1.12","0.00","1.00","2.10","0.00","0.00","0.67","0.00","0.00","-10.17","-10.17"
532,1,"0.00","0.00","1.00","0.00","0.00","0.00","1.00","0.00","0.00","0.00","0.00"
533,1,"2.11","0.00","1.00","4.27","0.00","0.00","0.67","0.00","0.00","-12.73","-12.73"
534,1,"1.03","0.00","1.00","1.54","0.00","0.00","0.67","0.00","0.00","-7.56","-7.56"
535,1,"3.17","0.00","1.00","7.08","0.00","0.00","0.67","0.00","0.00","-10.19","-10.19"
536,1,"0.00","0.00","1.00","0.00","0.00","0.00","1.00","0.00","0.00","0.00","0.00"
537,1,"3.49","0.00","1.00","8.06","0.00","0.00","0.67","0.00","0.00","-14.74","-14.74"
538,1,"0.61","0.00","1.00","0.91","0.00","0.00","0.67","0.00","0.00","-9.38","-9.38"
539,1,"0.00","0.00","1.00","0.00","0.00","0.00","1.00","0.00","0.00","0.00","0.00"
540,1,"2.12","0.00","1.00","4.28","0.00","0.00","0.67","0.00","0.00","-16.60","-16.60"
541,1,"0.00","0.00","1.00","0.00","0.00","0.00","1.00","0.00","0.00","0.00","0.00"
542,1,"0.00","0.00","1.00","0.00","0.00","0.00","1.00","0.00","0.00","0.00","0.00"
543,1,"0.94","0.00","1.00","1.41","0.00","0.00","0.67","0.00","0.00","-9.23","-9.23"
544,1,"1.23","0.00","1.00","2.32","0.00","0.00","0.67","0.00","0.00","-9.73","-9.73"
545,1,"3.76","0.00","1.00","8.94","0.00","0.00","0.67","0.00","0.00","-10.04","-10.04"
546,1,"0.00","0.00","1.00","0.00","0.00","0.00","1.00","0.00","0.00","0.00","0.00"
547,1,"0.00","0.00","1.00","0.00","0.00","0.00","1.00","0.00","0.00","0.00","0.00"
548,1,"2.21","0.00","1.00","3.31","0.00","0.00","0.67","0.00","0.00","-11.60","-11.60"
549,1,"1.18","0.00","1.00","2.21","0.00","0.00","0.67","0.00","0.00","-9.59","-9.59"
550,1,"0.83","0.00","1.00","1.52","0.00","0.00","0.67","0.00","0.00","-10.30","-10.30"
551,1,"0.00","0.00","1.00","0.00","0.00","0.00","1.00","0.00","0.00","0.00","0.00"
552,1,"0.00","0.00","1.00","0.00","0.00","0.00","1.00","0.00","0.00","0.00","0.00"
553,1,"0.00","0.00","1.00","0.00","0.00","0.00","1.00","0.00","0.00","0.00","0.00"
554,1,"0.83","0.00","1.00","1.24","0.00","0.00","0.67","0.00","0.00","-9.58","-9.58"
555,1,"0.00","0.00","1.00","0.00","0.00","0.00","1.00","0.00","0.00","0.00","0.00"
556,1,"0.60","0.00","1.00","0.89","0.00","0.00","0.67","0.00","0.00","-11.54","-11.54"
557,1,"0.00","0.00","1.00","0.00","0.00","0.00","1.00","0.00","0.00","0.00","0.00"
558,1,"0.00","0.00","1.00","0.00","0.00","0.00","1.00","0.00","0.00","0.00","0.00"
559,1,"0.00","0.00","1.00","0.00","0.00","0.00","1.00","0.00","0.00","0.00","0.00"
560,1,"0.00","0.00","1.00","0.00","0.00","0.00","1.00","0.00","0.00","0.00","0.00"
561,1,"0.00","0.00","1.00","0.00","0.00","0.00","1.00","0.00","0.00","0.00","0.00"
562,1,"1.02","0.00","1.00","1.53","0.00","0.00","0.67","0.00","0.00","-10.82","-10.82"
563,1,"0.00","0.00","1.00","0.00","0.00","0.00","1.00","0.00","0.00","0.00","0.00"
564,1,"0.00","0.00","1.00","0.00","0.00","0.00","1.00","0.00","0.00","0.00","0.00"
565,1,"0.00","0.00","1.00","0.00","0.00","0.00","1.00","0.00","0.00","0.00","0.00"
566,1,"0.00","0.00","1.00","0.00","0.00","0.00","1.00","0.00","0.00","0.00","0.00"
567,1,"1.23","0.00","1.00","2.32","0.00","0.00","0.67","0.00","0.00","-8.21","-8.21"
568,1,"2.31","0.00","1.00","3.46","0.00","0.00","0.67","0.00","0.00","-15.87","-15.87"
569,1,"1.33","0.00","1.00","1.99","0.00","0.00","0.67","0.00","0.00","-15.79","-15.79"
570,1,"0.00","0.00","1.00","0.00","0.00","0.00","1.00","0.00","0.00","0.00","0.00"
571,1,"0.00","0.00","1.00","0.00","0.00","0.00","1.00","0.00","0.00","0.00","0.00"
