"","POS","REF","ALT","REF_QUAL","ALT_FREQ","TOTAL_DP","PVAL","GFF_FEATURE","REF_AA","ALT_CODON","ALT_AA","mut","genotype","outbreak","sample"
"1",2306,"C","T",39,0.867066,2505,0,NA,"I","ATT","I","syn","GI.1","2013_k9","s63"
"2",2405,"T","C",44,0.99751,2410,0,NA,"H","CAC","H","syn","GI.1","2013_k9","s63"
"3",2420,"T","C",47,0.998225,2254,0,NA,"T","ACC","T","syn","GI.1","2013_k9","s63"
"4",2453,"C","T",37,0.999494,1978,0,NA,"G","GGT","G","syn","GI.1","2013_k9","s63"
"5",2459,"T","C",37,0.999492,1967,0,NA,"R","CGC","R","syn","GI.1","2013_k9","s63"
"6",2471,"C","T",38,0.998904,1824,0,NA,"G","GGT","G","syn","GI.1","2013_k9","s63"
"7",2504,"C","T",39,0.999307,1444,0,NA,"D","GAT","D","syn","GI.1","2013_k9","s63"
"8",2507,"C","T",38,0.999301,1430,0,NA,"V","GTT","V","syn","GI.1","2013_k9","s63"
"9",2519,"T","C",39,0.999286,1400,0,NA,"S","AGC","S","syn","GI.1","2013_k9","s63"
"10",2552,"C","T",0,1,1189,0,NA,"D","GAT","D","syn","GI.1","2013_k9","s63"
"11",2585,"C","T",0,1,1242,0,NA,"Y","TAT","Y","syn","GI.1","2013_k9","s63"
"12",2612,"G","A",35,0.998529,1360,0,NA,"V","GTA","V","syn","GI.1","2013_k9","s63"
"13",2630,"A","G",35,0.997209,1433,0,NA,"P","CCG","P","syn","GI.1","2013_k9","s63"
"14",2636,"T","C",29,0.998635,1465,0,NA,"T","ACC","T","syn","GI.1","2013_k9","s63"
"15",2639,"T","C",38,0.998613,1442,0,NA,"T","ACC","T","syn","GI.1","2013_k9","s63"
"16",2688,"T","C",0,1,497,2.76918e-304,NA,"L","CTG","L","syn","GI.1","2013_k9","s63"
"17",2739,"T","C",0,1,505,3.2151e-308,NA,"L","CTA","L","syn","GI.1","2013_k9","s63"
"18",2786,"T","A",0,1,449,8.17295e-275,NA,"T","ACA","T","syn","GI.1","2013_k9","s63"
"19",2828,"T","C",0,1,412,2.01593e-253,NA,"R","CGC","R","syn","GI.1","2013_k9","s63"
"20",2927,"T","C",37,0.997691,433,1.63278e-257,NA,"F","TTC","F","syn","GI.1","2013_k9","s63"
"21",2948,"T","C",35,0.997642,424,1.05131e-257,NA,"S","TCC","S","syn","GI.1","2013_k9","s63"
"22",2975,"A","G",0,1,402,2.31208e-245,NA,"V","GTG","V","syn","GI.1","2013_k9","s63"
"23",3023,"A","G",0,1,490,1.01428e-297,NA,"G","GGG","G","syn","GI.1","2013_k9","s63"
"24",3032,"T","C",0,1,544,0,NA,"Y","TAC","Y","syn","GI.1","2013_k9","s63"
"25",3045,"A","G",0,1,637,0,NA,"I","GTC","V","non_syn","GI.1","2013_k9","s63"
"26",3077,"C","T",0,1,967,0,NA,"I","ATT","I","syn","GI.1","2013_k9","s63"
"27",3119,"G","A",39,0.999366,1578,0,NA,"Q","CAA","Q","syn","GI.1","2013_k9","s63"
"28",3122,"C","T",38,0.245509,1670,1.17065e-135,NA,"H","CAT","H","syn","GI.1","2013_k9","s63"
"29",3149,"T","C",37,0.998999,1998,0,NA,"I","ATC","I","syn","GI.1","2013_k9","s63"
"30",3152,"A","G",38,0.99804,2041,0,NA,"V","GTG","V","syn","GI.1","2013_k9","s63"
"31",3176,"C","T",38,0.995036,2216,0,NA,"H","CAT","H","syn","GI.1","2013_k9","s63"
"32",3182,"A","G",34,0.994652,2244,0,NA,"G","GGG","G","syn","GI.1","2013_k9","s63"
"33",3209,"C","T",39,0.999153,1180,0,NA,"N","AAT","N","syn","GI.1","2013_k9","s63"
"34",3242,"T","C",39,0.998244,1139,0,NA,"S","TCC","S","syn","GI.1","2013_k9","s63"
"35",3287,"T","C",0,1,760,0,NA,"G","GGC","G","syn","GI.1","2013_k9","s63"
"36",3293,"A","G",0,1,709,0,NA,"T","ACG","T","syn","GI.1","2013_k9","s63"
"37",3296,"T","C",0,1,710,0,NA,"T","ACC","T","syn","GI.1","2013_k9","s63"
"38",3343,"G","A",0,1,480,2.7095e-292,NA,"S","AAT","N","non_syn","GI.1","2013_k9","s63"
"39",3353,"A","G",0,1,456,8.80715e-276,NA,"P","CCG","P","syn","GI.1","2013_k9","s63"
"40",3431,"C","T",31,0.997835,462,0,NA,"N","AAT","N","syn","GI.1","2013_k9","s63"
"41",3434,"G","A",30,0.998051,513,0,NA,"G","GGA","G","syn","GI.1","2013_k9","s63"
"42",3503,"C","T",0,0.996058,761,0,NA,"S","TCT","S","syn","GI.1","2013_k9","s63"
"43",3515,"A","G",39,0.99862,2174,0,NA,"L","TTG","L","syn","GI.1","2013_k9","s63"
"44",3522,"C","T",37,0.998608,2155,0,NA,"L","TTG","L","syn","GI.1","2013_k9","s63"
"45",3530,"T","C",37,0.998147,2159,0,NA,"A","GCC","A","syn","GI.1","2013_k9","s63"
"46",3584,"C","T",35,0.998559,694,0,NA,"V","GTT","V","syn","GI.1","2013_k9","s63"
"47",3643,"T","C",0,1,667,0,NA,"V","GCT","A","non_syn","GI.1","2013_k9","s63"
"48",3674,"C","T",0,1,717,0,NA,"H","CAT","H","syn","GI.1","2013_k9","s63"
"49",3693,"G","T",39,0.0994475,724,1.54405e-23,NA,"E","TAG","*","non_syn","GI.1","2013_k9","s63"
"50",3752,"C","T",37,0.995855,965,0,NA,"Y","TAT","Y","syn","GI.1","2013_k9","s63"
"51",3818,"G","A",39,0.998454,647,0,NA,"V","GTA","V","syn","GI.1","2013_k9","s63"
"52",3831,"T","C",0,1,676,0,NA,"L","CTG","L","syn","GI.1","2013_k9","s63"
"53",3839,"C","T",0,1,450,7.15195e-277,NA,"R","CGT","R","syn","GI.1","2013_k9","s63"
"54",3854,"A","G",39,0.995833,480,2.11899e-290,NA,"V","GTG","V","syn","GI.1","2013_k9","s63"
"55",3860,"G","A",0,1,512,5.10636000000831e-313,NA,"S","TCA","S","syn","GI.1","2013_k9","s63"
"56",3881,"T","C",36,0.997785,903,0,NA,"G","GGC","G","syn","GI.1","2013_k9","s63"
"57",3917,"A","G",37,0.996678,903,0,NA,"A","GCG","A","syn","GI.1","2013_k9","s63"
"58",3935,"G","C",36,0.996674,902,0,NA,"R","CGC","R","syn","GI.1","2013_k9","s63"
"59",3950,"G","A",37,0.996614,886,0,NA,"G","GGA","G","syn","GI.1","2013_k9","s63"
"60",3974,"C","T",33,0.996564,582,0,NA,"G","GGT","G","syn","GI.1","2013_k9","s63"
"61",4346,"T","C",38,0.998192,553,0,NA,"N","AAC","N","syn","GI.1","2013_k9","s63"
"62",4460,"T","C",0,1,587,0,NA,"D","GAC","D","syn","GI.1","2013_k9","s63"
"63",4463,"C","T",0,1,588,0,NA,"I","ATT","I","syn","GI.1","2013_k9","s63"
"64",4470,"G","T",39,0.0380795,604,0.0000000534831,NA,"V","TTG","L","non_syn","GI.1","2013_k9","s63"
"65",4472,"G","A",0,1,600,0,NA,"V","GTA","V","syn","GI.1","2013_k9","s63"
"66",4475,"A","G",0,1,603,0,NA,"T","ACG","T","syn","GI.1","2013_k9","s63"
"67",4481,"T","C",40,0.0602219,631,6.33591e-13,NA,"G","GGC","G","syn","GI.1","2013_k9","s63"
"68",4485,"T","C",0,1,716,0,NA,"L","CTA","L","syn","GI.1","2013_k9","s63"
"69",4493,"C","T",0,1,719,0,NA,"S","TCT","S","syn","GI.1","2013_k9","s63"
"70",4496,"G","A",0,1,705,0,NA,"G","GGA","G","syn","GI.1","2013_k9","s63"
"71",4505,"T","C",0,1,781,0,NA,"F","TTC","F","syn","GI.1","2013_k9","s63"
"72",4529,"T","C",39,0.998817,845,0,NA,"N","AAC","N","syn","GI.1","2013_k9","s63"
"73",4541,"T","C",39,0.999024,1025,0,NA,"Y","TAC","Y","syn","GI.1","2013_k9","s63"
"74",4571,"G","A",37,0.999351,1540,0,NA,"E","GAA","E","syn","GI.1","2013_k9","s63"
"75",4610,"A","G",38,0.999099,4439,0,NA,"V","GTG","V","syn","GI.1","2013_k9","s63"
"76",4622,"T","C",36,0.998823,4247,0,NA,"H","CAC","H","syn","GI.1","2013_k9","s63"
"77",4628,"T","C",31,0.999268,4097,0,NA,"Y","TAC","Y","syn","GI.1","2013_k9","s63"
"78",4640,"C","T",38,0.932825,2099,0,NA,"C","TGT","C","syn","GI.1","2013_k9","s63"
"79",4688,"T","C",37,0.998499,6664,0,NA,"L","CTC","L","syn","GI.1","2013_k9","s63"
"80",4697,"A","G",38,0.999358,6231,0,NA,"L","CTG","L","syn","GI.1","2013_k9","s63"
"81",4718,"T","C",38,0.999094,5516,0,NA,"P","CCC","P","syn","GI.1","2013_k9","s63"
"82",4772,"G","A",37,0.999305,4314,0,NA,"L","CTA","L","syn","GI.1","2013_k9","s63"
"83",4787,"G","A",39,0.999527,4227,0,NA,"T","ACA","T","syn","GI.1","2013_k9","s63"
"84",4820,"T","C",38,0.999359,4682,0,NA,"D","GAC","D","syn","GI.1","2013_k9","s63"
"85",4901,"T","C",36,0.999809,15671,0,NA,"R","CGC","R","syn","GI.1","2013_k9","s63"
"86",4916,"A","G",40,0.999265,14975,0,NA,"A","GCG","A","syn","GI.1","2013_k9","s63"
"87",4943,"A","C",38,0.999607,7631,0,NA,"A","GCC","A","syn","GI.1","2013_k9","s63"
"88",4952,"C","T",36,0.999589,12175,0,NA,"H","CAT","H","syn","GI.1","2013_k9","s63"
"89",4955,"A","G",36,0.99933,11934,0,NA,"G","GGG","G","syn","GI.1","2013_k9","s63"
"90",4991,"C","T",38,0.999513,10263,0,NA,"I","ATT","I","syn","GI.1","2013_k9","s63"
"91",5003,"G","A",36,0.999585,9635,0,NA,"Q","CAA","Q","syn","GI.1","2013_k9","s63"
"92",5021,"T","C",39,0.999878,8196,0,NA,"L","CTC","L","syn","GI.1","2013_k9","s63"
"93",5063,"C","T",26,0.999851,6719,0,NA,"A","GCT","A","syn","GI.1","2013_k9","s63"
"94",5084,"A","G",58,0.999708,6840,0,NA,"V","GTG","V","syn","GI.1","2013_k9","s63"
"95",5093,"A","T",31,0.999205,6287,0,NA,"P","CCT","P","syn","GI.1","2013_k9","s63"
"96",5099,"C","T",37,0.999525,6318,0,NA,"G","GGT","G","syn","GI.1","2013_k9","s63"
"97",5165,"G","A",38,0.995122,4920,0,NA,"K","AAA","K","syn","GI.1","2013_k9","s63"
"98",5387,"C","T",37,0.998688,3048,0,NA,"F","TTT","F","syn","GI.1","2013_k9","s63"
"99",5430,"G","T",44,0.999495,17812,0,NA,"A","TCT","S","non_syn","GI.1","2013_k9","s63"
"100",5696,"T","C",34,0.999482,5789,0,NA,"F","TTC","F","syn","GI.1","2013_k9","s63"
"101",5750,"T","C",0,1,1154,0,NA,"C","TGC","C","syn","GI.1","2013_k9","s63"
"102",5762,"G","A",0,1,864,0,NA,"V","GTA","V","syn","GI.1","2013_k9","s63"
"103",5802,"C","A",33,0.999333,4499,0,NA,"R","AGG","R","syn","GI.1","2013_k9","s63"
"104",5831,"G","A",38,0.144455,3129,1.2896e-139,NA,"G","GGA","G","syn","GI.1","2013_k9","s63"
"105",5849,"G","A",0,0.999554,2242,0,NA,"L","CTA","L","syn","GI.1","2013_k9","s63"
"106",5850,"T","C",0,0.994667,2250,0,NA,"L","CTG","L","syn","GI.1","2013_k9","s63"
"107",5900,"G","A",0,1,1419,0,NA,"V","GTA","V","syn","GI.1","2013_k9","s63"
"108",5927,"T","C",39,0.999128,1147,0,NA,"H","CAC","H","syn","GI.1","2013_k9","s63"
"109",5936,"C","T",34,0.998996,996,0,NA,"V","GTT","V","syn","GI.1","2013_k9","s63"
"110",5963,"C","T",37,0.0330688,756,0.000000020292,NA,"V","GTT","V","syn","GI.1","2013_k9","s63"
"111",5981,"G","C",0,0.998466,652,0,NA,"T","ACC","T","syn","GI.1","2013_k9","s63"
"112",6167,"G","A",0,1,569,0,NA,"P","CCA","P","syn","GI.1","2013_k9","s63"
"113",6170,"C","T",0,1,904,0,NA,"S","TCT","S","syn","GI.1","2013_k9","s63"
"114",6206,"T","C",0,1,2331,0,NA,"N","AAC","N","syn","GI.1","2013_k9","s63"
"115",6221,"T","C",38,0.962595,2620,0,NA,"Y","TAC","Y","syn","GI.1","2013_k9","s63"
"116",6242,"C","T",0,1,5943,0,NA,"V","GTT","V","syn","GI.1","2013_k9","s63"
"117",6284,"A","T",38,0.99965,11435,0,NA,"V","GTT","V","syn","GI.1","2013_k9","s63"
"118",6338,"T","C",37,0.999556,18009,0,NA,"N","AAC","N","syn","GI.1","2013_k9","s63"
"119",6374,"G","A",38,0.999493,7883,0,NA,"K","AAA","K","syn","GI.1","2013_k9","s63"
"120",6380,"A","G",38,0.999493,7893,0,NA,"V","GTG","V","syn","GI.1","2013_k9","s63"
"121",6416,"T","C",36,0.999741,7721,0,NA,"T","ACC","T","syn","GI.1","2013_k9","s63"
"122",6437,"C","T",32,0.999389,8183,0,NA,"V","GTT","V","syn","GI.1","2013_k9","s63"
"123",6452,"C","T",40,0.990769,8450,0,NA,"G","GGT","G","syn","GI.1","2013_k9","s63"
"124",6485,"T","C",31,0.99976,8329,0,NA,"N","AAC","N","syn","GI.1","2013_k9","s63"
"125",6509,"C","T",37,0.999487,7802,0,NA,"R","CGT","R","syn","GI.1","2013_k9","s63"
"126",6518,"T","C",38,0.999633,8166,0,NA,"S","AGC","S","syn","GI.1","2013_k9","s63"
"127",6527,"A","G",30,0.999878,8219,0,NA,"G","GGG","G","syn","GI.1","2013_k9","s63"
"128",6587,"T","C",37,0.998665,9740,0,NA,"D","GAC","D","syn","GI.1","2013_k9","s63"
"129",6593,"C","T",38,0.999501,10021,0,NA,"V","GTT","V","syn","GI.1","2013_k9","s63"
"130",6602,"A","T",29,0.99952,6250,0,NA,"P","CCT","P","syn","GI.1","2013_k9","s63"
"131",6608,"T","C",39,0.999536,6464,0,NA,"N","AAC","N","syn","GI.1","2013_k9","s63"
"132",6617,"G","A",37,0.999412,6805,0,NA,"A","GCA","A","syn","GI.1","2013_k9","s63"
"133",6650,"C","T",40,0.997726,10993,0,NA,"F","TTT","F","syn","GI.1","2013_k9","s63"
"134",6659,"T","C",45,0.99151,10954,0,NA,"G","GGC","G","syn","GI.1","2013_k9","s63"
"135",6662,"T","C",41,0.998903,10934,0,NA,"I","ATC","I","syn","GI.1","2013_k9","s63"
"136",6668,"C","T",41,0.994265,10811,0,NA,"P","CCT","P","syn","GI.1","2013_k9","s63"
"137",6692,"A","G",37,0.989942,3778,0,NA,"G","GGG","G","syn","GI.1","2013_k9","s63"
"138",6695,"C","T",37,0.996525,3741,0,NA,"S","TCT","S","syn","GI.1","2013_k9","s63"
"139",6707,"C","T",37,0.999034,7246,0,NA,"N","AAT","N","syn","GI.1","2013_k9","s63"
"140",6725,"G","A",38,0.998856,6991,0,NA,"E","GAA","E","syn","GI.1","2013_k9","s63"
"141",6829,"G","A",37,0.998352,5462,0,NA,"V","GTA","V","syn","GI.1","2013_k9","s63"
"142",6829,"G","A",37,0.998352,5462,0,NA,"W","TAG","*","non_syn","GI.1","2013_k9","s63"
"143",6835,"C","T",38,0.998886,5384,0,NA,"A","GCT","A","syn","GI.1","2013_k9","s63"
"144",6835,"C","T",38,0.998886,5384,0,NA,"P","CTC","L","non_syn","GI.1","2013_k9","s63"
"145",6853,"A","G",38,0.996767,4949,0,NA,"S","TCG","S","syn","GI.1","2013_k9","s63"
"146",6853,"A","G",38,0.996767,4949,0,NA,"H","CGT","R","non_syn","GI.1","2013_k9","s63"
"147",6857,"G","A",37,0.999189,4934,0,NA,"A","ACT","T","non_syn","GI.1","2013_k9","s63"
"148",6857,"G","A",37,0.999189,4934,0,NA,"W","TGA","*","non_syn","GI.1","2013_k9","s63"
"149",6889,"A","G",38,0.998948,5705,0,NA,"V","GTG","V","syn","GI.1","2013_k9","s63"
"150",6889,"A","G",38,0.998948,5705,0,NA,"Y","TGT","C","non_syn","GI.1","2013_k9","s63"
"151",6904,"A","G",35,0.997516,4428,0,NA,"Q","CAG","Q","syn","GI.1","2013_k9","s63"
"152",6904,"A","G",35,0.997516,4428,0,NA,"K","AGG","R","non_syn","GI.1","2013_k9","s63"
"153",6934,"G","T",35,0.998707,10831,0,NA,"L","CTT","L","syn","GI.1","2013_k9","s63"
"154",6934,"G","T",35,0.998707,10831,0,NA,"*","TTA","L","non_syn","GI.1","2013_k9","s63"
"155",6952,"T","C",42,0.994401,11252,0,NA,"N","AAC","N","syn","GI.1","2013_k9","s63"
"156",6952,"T","C",42,0.994401,11252,0,NA,"I","ACA","T","non_syn","GI.1","2013_k9","s63"
"157",6965,"C","T",36,0.998473,11130,0,NA,"L","TTG","L","syn","GI.1","2013_k9","s63"
"158",6965,"C","T",36,0.998473,11130,0,NA,"H","CAT","H","syn","GI.1","2013_k9","s63"
"159",6973,"A","G",37,0.998366,11014,0,NA,"K","AAG","K","syn","GI.1","2013_k9","s63"
"160",6973,"A","G",37,0.998366,11014,0,NA,"N","AGT","S","non_syn","GI.1","2013_k9","s63"
"161",7000,"T","C",39,0.998633,7314,0,NA,"L","CTC","L","syn","GI.1","2013_k9","s63"
"162",7000,"T","C",39,0.998633,7314,0,NA,"F","TCT","S","non_syn","GI.1","2013_k9","s63"
"163",7033,"G","A",38,0.998991,17836,0,NA,"S","TCA","S","syn","GI.1","2013_k9","s63"
"164",7033,"G","A",38,0.998991,17836,0,NA,"R","CAG","Q","non_syn","GI.1","2013_k9","s63"
"165",7040,"G","A",38,0.999389,18003,0,NA,"D","AAC","N","non_syn","GI.1","2013_k9","s63"
"166",7040,"G","A",38,0.999389,18003,0,NA,"L","TTA","L","syn","GI.1","2013_k9","s63"
"167",7072,"C","T",39,0.999183,18370,0,NA,"R","CGT","R","syn","GI.1","2013_k9","s63"
"168",7072,"C","T",39,0.999183,18370,0,NA,"A","GTA","V","non_syn","GI.1","2013_k9","s63"
"169",7078,"C","T",37,0.999307,17319,0,NA,"A","GCT","A","syn","GI.1","2013_k9","s63"
"170",7078,"C","T",37,0.999307,17319,0,NA,"P","CTG","L","non_syn","GI.1","2013_k9","s63"
"171",7135,"C","T",38,0.997468,12638,0,NA,"G","GGT","G","syn","GI.1","2013_k9","s63"
"172",7135,"C","T",38,0.997468,12638,0,NA,"A","GTA","V","non_syn","GI.1","2013_k9","s63"
"173",7156,"A","G",37,0.998775,19596,0,NA,"Q","CAG","Q","syn","GI.1","2013_k9","s63"
"174",7156,"A","G",37,0.998775,19596,0,NA,"K","AGA","R","non_syn","GI.1","2013_k9","s63"
"175",7159,"C","T",38,0.99833,19762,0,NA,"T","ACT","T","syn","GI.1","2013_k9","s63"
"176",7159,"C","T",38,0.99833,19762,0,NA,"P","CTA","L","non_syn","GI.1","2013_k9","s63"
"177",7165,"T","C",45,0.997412,20482,0,NA,"H","CAC","H","syn","GI.1","2013_k9","s63"
"178",7165,"T","C",45,0.997412,20482,0,NA,"I","ACT","T","non_syn","GI.1","2013_k9","s63"
"179",7174,"C","T",45,0.995824,22032,0,NA,"S","TCT","S","syn","GI.1","2013_k9","s63"
"180",7174,"C","T",45,0.995824,22032,0,NA,"P","CTT","L","non_syn","GI.1","2013_k9","s63"
"181",7198,"T","C",43,0.995363,21567,0,NA,"F","TTC","F","syn","GI.1","2013_k9","s63"
"182",7198,"T","C",43,0.995363,21567,0,NA,"L","TCA","S","non_syn","GI.1","2013_k9","s63"
"183",7231,"C","T",37,0.99944,21433,0,NA,"P","CCT","P","syn","GI.1","2013_k9","s63"
"184",7231,"C","T",37,0.99944,21433,0,NA,"P","CTC","L","non_syn","GI.1","2013_k9","s63"
"185",7252,"G","A",31,0.999611,20583,0,NA,"K","AAA","K","syn","GI.1","2013_k9","s63"
"186",7252,"G","A",31,0.999611,20583,0,NA,"S","AAC","N","non_syn","GI.1","2013_k9","s63"
"187",7267,"C","T",37,0.992665,2863,0,NA,"T","ACT","T","syn","GI.1","2013_k9","s63"
"188",7267,"C","T",37,0.992665,2863,0,NA,"P","CTG","L","non_syn","GI.1","2013_k9","s63"
"189",7308,"C","T",33,0.998354,6074,0,NA,"A","GTC","V","non_syn","GI.1","2013_k9","s63"
"190",7308,"C","T",33,0.998354,6074,0,NA,"P","TCT","S","non_syn","GI.1","2013_k9","s63"
"191",855,"G","A",39,0.997849,465,4.09966e-279,NA,"A","ACC","T","non_syn","GI.1","2013_k9","s64"
"192",878,"C","T",38,0.997585,414,2.6933e-247,NA,"A","GCT","A","syn","GI.1","2013_k9","s64"
"193",1190,"C","T",57,0.996176,523,0,NA,"A","GCT","A","syn","GI.1","2013_k9","s64"
"194",1637,"C","T",51,0.998909,2749,0,NA,"N","AAT","N","syn","GI.1","2013_k9","s64"
"195",1657,"C","T",46,0.0923318,1278,1.55281e-42,NA,"S","TTC","F","non_syn","GI.1","2013_k9","s64"
"196",1682,"C","T",38,0.999358,3114,0,NA,"N","AAT","N","syn","GI.1","2013_k9","s64"
"197",1754,"T","C",37,0.999243,1321,0,NA,"V","GTC","V","syn","GI.1","2013_k9","s64"
"198",1763,"T","C",36,0.999142,1166,0,NA,"P","CCC","P","syn","GI.1","2013_k9","s64"
"199",1775,"G","A",27,0.999032,1033,0,NA,"E","GAA","E","syn","GI.1","2013_k9","s64"
"200",1790,"C","T",38,0.997783,902,0,NA,"N","AAT","N","syn","GI.1","2013_k9","s64"
"201",1815,"T","C",0,0.998588,708,0,NA,"L","CTG","L","syn","GI.1","2013_k9","s64"
"202",1835,"T","C",0,1,432,9.52508e-261,NA,"S","TCC","S","syn","GI.1","2013_k9","s64"
"203",1979,"T","C",35,0.998816,3378,0,NA,"P","CCC","P","syn","GI.1","2013_k9","s64"
"204",1989,"C","T",37,0.998835,3433,0,NA,"L","TTA","L","syn","GI.1","2013_k9","s64"
"205",1991,"A","G",38,0.998558,3467,0,NA,"L","CTG","L","syn","GI.1","2013_k9","s64"
"206",2027,"C","T",32,0.999045,3143,0,NA,"S","TCT","S","syn","GI.1","2013_k9","s64"
"207",2054,"T","C",36,0.998732,2366,0,NA,"Y","TAC","Y","syn","GI.1","2013_k9","s64"
"208",2063,"C","T",36,0.997954,1955,0,NA,"R","CGT","R","syn","GI.1","2013_k9","s64"
"209",2066,"G","A",35,0.998456,1943,0,NA,"A","GCA","A","syn","GI.1","2013_k9","s64"
"210",2075,"T","C",36,0.996815,1884,0,NA,"D","GAC","D","syn","GI.1","2013_k9","s64"
"211",2078,"G","T",32,0.997995,1496,0,NA,"V","GTT","V","syn","GI.1","2013_k9","s64"
"212",2120,"A","G",39,0.998056,1029,0,NA,"L","TTG","L","syn","GI.1","2013_k9","s64"
"213",2126,"A","G",38,0.998004,1002,0,NA,"K","AAG","K","syn","GI.1","2013_k9","s64"
"214",2144,"C","T",0,1,758,0,NA,"T","ACT","T","syn","GI.1","2013_k9","s64"
"215",2171,"G","A",0,1,740,0,NA,"K","AAA","K","syn","GI.1","2013_k9","s64"
"216",2183,"C","T",0,1,753,0,NA,"V","GTT","V","syn","GI.1","2013_k9","s64"
"217",2206,"C","T",55,0.896708,881,0,NA,"A","GTC","V","non_syn","GI.1","2013_k9","s64"
"218",2209,"C","T",54,0.0676606,872,1.42729e-24,NA,"S","TTC","F","non_syn","GI.1","2013_k9","s64"
"219",2255,"T","C",72,0.999266,1363,0,NA,"L","CTC","L","syn","GI.1","2013_k9","s64"
"220",2306,"C","T",44,0.994942,7315,0,NA,"I","ATT","I","syn","GI.1","2013_k9","s64"
"221",2405,"T","C",44,0.999114,5641,0,NA,"H","CAC","H","syn","GI.1","2013_k9","s64"
"222",2420,"T","C",44,0.999257,5383,0,NA,"T","ACC","T","syn","GI.1","2013_k9","s64"
"223",2453,"C","T",0,1,701,0,NA,"G","GGT","G","syn","GI.1","2013_k9","s64"
"224",2459,"T","C",0,1,666,0,NA,"R","CGC","R","syn","GI.1","2013_k9","s64"
"225",2471,"C","T",34,0.997093,688,0,NA,"G","GGT","G","syn","GI.1","2013_k9","s64"
"226",2504,"C","T",0,1,562,0,NA,"D","GAT","D","syn","GI.1","2013_k9","s64"
"227",2507,"C","T",44,0.991071,560,0,NA,"V","GTT","V","syn","GI.1","2013_k9","s64"
"228",2519,"T","C",0,1,579,0,NA,"S","AGC","S","syn","GI.1","2013_k9","s64"
"229",2552,"C","T",0,1,641,0,NA,"D","GAT","D","syn","GI.1","2013_k9","s64"
"230",2585,"C","T",0,1,901,0,NA,"Y","TAT","Y","syn","GI.1","2013_k9","s64"
"231",2612,"G","A",77,0.999215,1274,0,NA,"V","GTA","V","syn","GI.1","2013_k9","s64"
"232",2630,"A","G",33,0.999309,1447,0,NA,"P","CCG","P","syn","GI.1","2013_k9","s64"
"233",2636,"T","C",37,0.999312,1454,0,NA,"T","ACC","T","syn","GI.1","2013_k9","s64"
"234",2639,"T","C",37,0.999312,1453,0,NA,"T","ACC","T","syn","GI.1","2013_k9","s64"
"235",2927,"T","C",39,0.998915,1843,0,NA,"F","TTC","F","syn","GI.1","2013_k9","s64"
"236",2948,"T","C",38,0.998921,1853,0,NA,"S","TCC","S","syn","GI.1","2013_k9","s64"
"237",2972,"C","T",40,0.0332103,1626,4.00953e-17,NA,"D","GAT","D","syn","GI.1","2013_k9","s64"
"238",2975,"A","G",38,0.998711,1552,0,NA,"V","GTG","V","syn","GI.1","2013_k9","s64"
"239",2990,"A","G",37,0.997305,1484,0,NA,"A","GCG","A","syn","GI.1","2013_k9","s64"
"240",3023,"A","G",33,0.999384,1624,0,NA,"G","GGG","G","syn","GI.1","2013_k9","s64"
"241",3032,"T","C",0,1,1745,0,NA,"Y","TAC","Y","syn","GI.1","2013_k9","s64"
"242",3045,"A","G",37,0.999442,1791,0,NA,"I","GTC","V","non_syn","GI.1","2013_k9","s64"
"243",3077,"C","T",35,0.999685,3171,0,NA,"I","ATT","I","syn","GI.1","2013_k9","s64"
"244",3104,"G","A",59,0.0496864,4146,7.28738e-88,NA,"P","CCA","P","syn","GI.1","2013_k9","s64"
"245",3119,"G","A",35,0.999152,4718,0,NA,"Q","CAA","Q","syn","GI.1","2013_k9","s64"
"246",3149,"T","C",37,0.9993,5714,0,NA,"I","ATC","I","syn","GI.1","2013_k9","s64"
"247",3152,"A","G",37,0.999309,5791,0,NA,"V","GTG","V","syn","GI.1","2013_k9","s64"
"248",3176,"C","T",46,0.9982,6110,0,NA,"H","CAT","H","syn","GI.1","2013_k9","s64"
"249",3182,"A","G",33,0.997881,6134,0,NA,"G","GGG","G","syn","GI.1","2013_k9","s64"
"250",3343,"G","A",35,0.995062,405,1.47282e-248,NA,"S","AAT","N","non_syn","GI.1","2013_k9","s64"
"251",3353,"A","G",39,0.99793,483,3.76512e-301,NA,"P","CCG","P","syn","GI.1","2013_k9","s64"
"252",3431,"C","T",35,0.998901,1820,0,NA,"N","AAT","N","syn","GI.1","2013_k9","s64"
"253",3434,"G","A",35,0.998924,1859,0,NA,"G","GGA","G","syn","GI.1","2013_k9","s64"
"254",3490,"C","T",56,0.0414216,3911,4.46594e-67,NA,"P","CTC","L","non_syn","GI.1","2013_k9","s64"
"255",3503,"C","T",38,0.998294,3517,0,NA,"S","TCT","S","syn","GI.1","2013_k9","s64"
"256",3515,"A","G",37,0.998545,4124,0,NA,"L","TTG","L","syn","GI.1","2013_k9","s64"
"257",3522,"C","T",46,0.998787,4121,0,NA,"L","TTG","L","syn","GI.1","2013_k9","s64"
"258",3530,"T","C",36,0.999029,4120,0,NA,"A","GCC","A","syn","GI.1","2013_k9","s64"
"259",3643,"T","C",73,0.998158,543,0,NA,"V","GCT","A","non_syn","GI.1","2013_k9","s64"
"260",3674,"C","T",76,0.997382,764,0,NA,"H","CAT","H","syn","GI.1","2013_k9","s64"
"261",3752,"C","T",50,0.996335,1637,0,NA,"Y","TAT","Y","syn","GI.1","2013_k9","s64"
"262",3881,"T","C",36,0.997244,2177,0,NA,"G","GGC","G","syn","GI.1","2013_k9","s64"
"263",3917,"A","G",38,0.997551,1633,0,NA,"A","GCG","A","syn","GI.1","2013_k9","s64"
"264",3935,"G","C",36,0.996582,1463,0,NA,"R","CGC","R","syn","GI.1","2013_k9","s64"
"265",3950,"G","A",34,0.997502,1201,0,NA,"G","GGA","G","syn","GI.1","2013_k9","s64"
"266",4304,"T","C",0,1,529,0,NA,"V","GTC","V","syn","GI.1","2013_k9","s64"
"267",4346,"T","C",0,1,898,0,NA,"N","AAC","N","syn","GI.1","2013_k9","s64"
"268",4610,"A","G",35,0.998267,4039,0,NA,"V","GTG","V","syn","GI.1","2013_k9","s64"
"269",4622,"T","C",33,0.997993,3488,0,NA,"H","CAC","H","syn","GI.1","2013_k9","s64"
"270",4628,"T","C",33,0.99807,3109,0,NA,"Y","TAC","Y","syn","GI.1","2013_k9","s64"
"271",4640,"C","T",37,0.997471,2768,0,NA,"C","TGT","C","syn","GI.1","2013_k9","s64"
"272",4688,"T","C",38,0.998459,1947,0,NA,"L","CTC","L","syn","GI.1","2013_k9","s64"
"273",4697,"A","G",37,0.997933,1935,0,NA,"L","CTG","L","syn","GI.1","2013_k9","s64"
"274",4718,"T","C",48,0.998268,1732,0,NA,"P","CCC","P","syn","GI.1","2013_k9","s64"
"275",4772,"G","A",57,0.998928,1866,0,NA,"L","CTA","L","syn","GI.1","2013_k9","s64"
"276",4787,"G","A",77,0.999055,2117,0,NA,"T","ACA","T","syn","GI.1","2013_k9","s64"
"277",4820,"T","C",49,0.999138,3479,0,NA,"D","GAC","D","syn","GI.1","2013_k9","s64"
"278",4901,"T","C",39,0.999305,30234,0,NA,"R","CGC","R","syn","GI.1","2013_k9","s64"
"279",4916,"A","G",38,0.999312,29058,0,NA,"A","GCG","A","syn","GI.1","2013_k9","s64"
"280",4943,"A","C",37,0.999428,13984,0,NA,"A","GCC","A","syn","GI.1","2013_k9","s64"
"281",4952,"C","T",36,0.999252,13368,0,NA,"H","CAT","H","syn","GI.1","2013_k9","s64"
"282",4955,"A","G",37,0.999315,13134,0,NA,"G","GGG","G","syn","GI.1","2013_k9","s64"
"283",4991,"C","T",38,0.997331,8991,0,NA,"I","ATT","I","syn","GI.1","2013_k9","s64"
"284",5003,"G","A",35,0.999516,8258,0,NA,"Q","CAA","Q","syn","GI.1","2013_k9","s64"
"285",5021,"T","C",0,0.999845,6438,0,NA,"L","CTC","L","syn","GI.1","2013_k9","s64"
"286",5063,"C","T",61,0.997392,4601,0,NA,"A","GCT","A","syn","GI.1","2013_k9","s64"
"287",5084,"A","G",37,0.99977,4354,0,NA,"V","GTG","V","syn","GI.1","2013_k9","s64"
"288",5093,"A","T",39,0.999737,3797,0,NA,"P","CCT","P","syn","GI.1","2013_k9","s64"
"289",5099,"C","T",33,0.999468,3759,0,NA,"G","GGT","G","syn","GI.1","2013_k9","s64"
"290",5165,"G","A",66,0.99252,4813,0,NA,"K","AAA","K","syn","GI.1","2013_k9","s64"
"291",5387,"C","T",0,1,1481,0,NA,"F","TTT","F","syn","GI.1","2013_k9","s64"
"292",5430,"G","T",37,0.997412,25502,0,NA,"A","TCT","S","non_syn","GI.1","2013_k9","s64"
"293",5802,"C","A",36,0.997632,5490,0,NA,"R","AGG","R","syn","GI.1","2013_k9","s64"
"294",5849,"G","A",39,0.999678,3109,0,NA,"L","CTA","L","syn","GI.1","2013_k9","s64"
"295",5850,"T","C",38,0.999682,3142,0,NA,"L","CTG","L","syn","GI.1","2013_k9","s64"
"296",5900,"G","A",38,0.997455,2750,0,NA,"V","GTA","V","syn","GI.1","2013_k9","s64"
"297",5927,"T","C",78,0.999593,2455,0,NA,"H","CAC","H","syn","GI.1","2013_k9","s64"
"298",5936,"C","T",0,1,2343,0,NA,"V","GTT","V","syn","GI.1","2013_k9","s64"
"299",5981,"G","C",0,1,2157,0,NA,"T","ACC","T","syn","GI.1","2013_k9","s64"
"300",6047,"G","T",58,0.997141,2448,0,NA,"A","GCT","A","syn","GI.1","2013_k9","s64"
"301",6081,"C","T",42,0.998141,2690,0,NA,"L","TTG","L","syn","GI.1","2013_k9","s64"
"302",6167,"G","A",0,1,697,0,NA,"P","CCA","P","syn","GI.1","2013_k9","s64"
"303",6170,"C","T",0,1,1050,0,NA,"S","TCT","S","syn","GI.1","2013_k9","s64"
"304",6206,"T","C",0,1,2132,0,NA,"N","AAC","N","syn","GI.1","2013_k9","s64"
"305",6221,"T","C",60,0.993719,2229,0,NA,"Y","TAC","Y","syn","GI.1","2013_k9","s64"
"306",6242,"C","T",59,0.998219,6736,0,NA,"V","GTT","V","syn","GI.1","2013_k9","s64"
"307",6284,"A","T",46,0.999642,11183,0,NA,"V","GTT","V","syn","GI.1","2013_k9","s64"
"308",6338,"T","C",55,0.997,15666,0,NA,"N","AAC","N","syn","GI.1","2013_k9","s64"
"309",6374,"G","A",29,0.999707,6822,0,NA,"K","AAA","K","syn","GI.1","2013_k9","s64"
"310",6380,"A","G",38,0.999854,6838,0,NA,"V","GTG","V","syn","GI.1","2013_k9","s64"
"311",6437,"C","T",35,0.997921,481,1.1945e-304,NA,"V","GTT","V","syn","GI.1","2013_k9","s64"
"312",6452,"C","T",0,1,1016,0,NA,"G","GGT","G","syn","GI.1","2013_k9","s64"
"313",6485,"T","C",0,1,1473,0,NA,"N","AAC","N","syn","GI.1","2013_k9","s64"
"314",6509,"C","T",63,0.998095,2100,0,NA,"R","CGT","R","syn","GI.1","2013_k9","s64"
"315",6518,"T","C",50,0.998329,2394,0,NA,"S","AGC","S","syn","GI.1","2013_k9","s64"
"316",6527,"A","G",76,0.999224,2577,0,NA,"G","GGG","G","syn","GI.1","2013_k9","s64"
"317",6587,"T","C",64,0.997612,4607,0,NA,"D","GAC","D","syn","GI.1","2013_k9","s64"
"318",6593,"C","T",77,0.999796,4891,0,NA,"V","GTT","V","syn","GI.1","2013_k9","s64"
"319",6602,"A","T",76,0.999796,4902,0,NA,"P","CCT","P","syn","GI.1","2013_k9","s64"
"320",6608,"T","C",77,0.999389,4911,0,NA,"N","AAC","N","syn","GI.1","2013_k9","s64"
"321",6617,"G","A",76,0.999389,4909,0,NA,"A","GCA","A","syn","GI.1","2013_k9","s64"
"322",6650,"C","T",38,0.998646,12559,0,NA,"F","TTT","F","syn","GI.1","2013_k9","s64"
"323",6659,"T","C",40,0.996794,12477,0,NA,"G","GGC","G","syn","GI.1","2013_k9","s64"
"324",6662,"T","C",44,0.998799,12488,0,NA,"I","ATC","I","syn","GI.1","2013_k9","s64"
"325",6668,"C","T",43,0.997617,12169,0,NA,"P","CCT","P","syn","GI.1","2013_k9","s64"
"326",6692,"A","G",38,0.998646,4431,0,NA,"G","GGG","G","syn","GI.1","2013_k9","s64"
"327",6695,"C","T",39,0.999555,4498,0,NA,"S","TCT","S","syn","GI.1","2013_k9","s64"
"328",6707,"C","T",37,0.999538,4329,0,NA,"N","AAT","N","syn","GI.1","2013_k9","s64"
"329",6725,"G","A",38,0.998461,3899,0,NA,"E","GAA","E","syn","GI.1","2013_k9","s64"
"330",6829,"G","A",50,0.997721,2194,0,NA,"V","GTA","V","syn","GI.1","2013_k9","s64"
"331",6829,"G","A",50,0.997721,2194,0,NA,"W","TAG","*","non_syn","GI.1","2013_k9","s64"
"332",6835,"C","T",36,0.998586,2121,0,NA,"A","GCT","A","syn","GI.1","2013_k9","s64"
"333",6835,"C","T",36,0.998586,2121,0,NA,"P","CTC","L","non_syn","GI.1","2013_k9","s64"
"334",6853,"A","G",47,0.996923,1625,0,NA,"S","TCG","S","syn","GI.1","2013_k9","s64"
"335",6853,"A","G",47,0.996923,1625,0,NA,"H","CGT","R","non_syn","GI.1","2013_k9","s64"
"336",6857,"G","A",49,0.99016,1626,0,NA,"A","ACT","T","non_syn","GI.1","2013_k9","s64"
"337",6857,"G","A",49,0.99016,1626,0,NA,"W","TGA","*","non_syn","GI.1","2013_k9","s64"
"338",6889,"A","G",43,0.994925,3153,0,NA,"V","GTG","V","syn","GI.1","2013_k9","s64"
"339",6889,"A","G",43,0.994925,3153,0,NA,"Y","TGT","C","non_syn","GI.1","2013_k9","s64"
"340",6904,"A","G",49,0.994938,3556,0,NA,"Q","CAG","Q","syn","GI.1","2013_k9","s64"
"341",6904,"A","G",49,0.994938,3556,0,NA,"K","AGG","R","non_syn","GI.1","2013_k9","s64"
"342",6934,"G","T",37,0.996897,10635,0,NA,"L","CTT","L","syn","GI.1","2013_k9","s64"
"343",6934,"G","T",37,0.996897,10635,0,NA,"*","TTA","L","non_syn","GI.1","2013_k9","s64"
"344",6952,"T","C",40,0.996886,11240,0,NA,"N","AAC","N","syn","GI.1","2013_k9","s64"
"345",6952,"T","C",40,0.996886,11240,0,NA,"I","ACA","T","non_syn","GI.1","2013_k9","s64"
"346",6965,"C","T",39,0.997091,11002,0,NA,"L","TTG","L","syn","GI.1","2013_k9","s64"
"347",6965,"C","T",39,0.997091,11002,0,NA,"H","CAT","H","syn","GI.1","2013_k9","s64"
"348",6973,"A","G",40,0.996326,10888,0,NA,"K","AAG","K","syn","GI.1","2013_k9","s64"
"349",6973,"A","G",40,0.996326,10888,0,NA,"N","AGT","S","non_syn","GI.1","2013_k9","s64"
"350",7000,"T","C",53,0.998516,7414,0,NA,"L","CTC","L","syn","GI.1","2013_k9","s64"
"351",7000,"T","C",53,0.998516,7414,0,NA,"F","TCT","S","non_syn","GI.1","2013_k9","s64"
"352",7033,"G","A",46,0.998704,7716,0,NA,"S","TCA","S","syn","GI.1","2013_k9","s64"
"353",7033,"G","A",46,0.998704,7716,0,NA,"R","CAG","Q","non_syn","GI.1","2013_k9","s64"
"354",7040,"G","A",57,0.997713,7869,0,NA,"D","AAC","N","non_syn","GI.1","2013_k9","s64"
"355",7040,"G","A",57,0.997713,7869,0,NA,"L","TTA","L","syn","GI.1","2013_k9","s64"
"356",7072,"C","T",61,0.999229,9084,0,NA,"R","CGT","R","syn","GI.1","2013_k9","s64"
"357",7072,"C","T",61,0.999229,9084,0,NA,"A","GTA","V","non_syn","GI.1","2013_k9","s64"
"358",7078,"C","T",57,0.998657,8936,0,NA,"A","GCT","A","syn","GI.1","2013_k9","s64"
"359",7078,"C","T",57,0.998657,8936,0,NA,"P","CTG","L","non_syn","GI.1","2013_k9","s64"
"360",7135,"C","T",54,0.99629,5661,0,NA,"G","GGT","G","syn","GI.1","2013_k9","s64"
"361",7135,"C","T",54,0.99629,5661,0,NA,"A","GTA","V","non_syn","GI.1","2013_k9","s64"
"362",7156,"A","G",54,0.99844,7052,0,NA,"Q","CAG","Q","syn","GI.1","2013_k9","s64"
"363",7156,"A","G",54,0.99844,7052,0,NA,"K","AGA","R","non_syn","GI.1","2013_k9","s64"
"364",7159,"C","T",65,0.99818,7142,0,NA,"T","ACT","T","syn","GI.1","2013_k9","s64"
"365",7159,"C","T",65,0.99818,7142,0,NA,"P","CTA","L","non_syn","GI.1","2013_k9","s64"
"366",7165,"T","C",57,0.999474,7606,0,NA,"H","CAC","H","syn","GI.1","2013_k9","s64"
"367",7165,"T","C",57,0.999474,7606,0,NA,"I","ACT","T","non_syn","GI.1","2013_k9","s64"
"368",7174,"C","T",69,0.998151,8651,0,NA,"S","TCT","S","syn","GI.1","2013_k9","s64"
"369",7174,"C","T",69,0.998151,8651,0,NA,"P","CTT","L","non_syn","GI.1","2013_k9","s64"
"370",7198,"T","C",69,0.989132,9569,0,NA,"F","TTC","F","syn","GI.1","2013_k9","s64"
"371",7198,"T","C",69,0.989132,9569,0,NA,"L","TCA","S","non_syn","GI.1","2013_k9","s64"
"372",7231,"C","T",67,0.998556,11080,0,NA,"P","CCT","P","syn","GI.1","2013_k9","s64"
"373",7231,"C","T",67,0.998556,11080,0,NA,"P","CTC","L","non_syn","GI.1","2013_k9","s64"
"374",7252,"G","A",56,0.999729,11084,0,NA,"K","AAA","K","syn","GI.1","2013_k9","s64"
"375",7252,"G","A",56,0.999729,11084,0,NA,"S","AAC","N","non_syn","GI.1","2013_k9","s64"
"376",1190,"C","T",36,0.998571,700,0,NA,"A","GCT","A","syn","GI.1","2013_k9","s65"
"377",1566,"G","A",47,0.0379363,659,7.6606e-10,NA,"A","ACG","T","non_syn","GI.1","2013_k9","s65"
"378",1637,"C","T",0,1,1025,0,NA,"N","AAT","N","syn","GI.1","2013_k9","s65"
"379",1682,"C","T",0,1,1513,0,NA,"N","AAT","N","syn","GI.1","2013_k9","s65"
"380",1754,"T","C",0,1,706,0,NA,"V","GTC","V","syn","GI.1","2013_k9","s65"
"381",1763,"T","C",0,1,592,0,NA,"P","CCC","P","syn","GI.1","2013_k9","s65"
"382",1775,"G","A",0,1,567,0,NA,"E","GAA","E","syn","GI.1","2013_k9","s65"
"383",1790,"C","T",0,1,508,1.16125e-307,NA,"N","AAT","N","syn","GI.1","2013_k9","s65"
"384",1815,"T","C",0,1,431,7.5679e-260,NA,"L","CTG","L","syn","GI.1","2013_k9","s65"
"385",1979,"T","C",0,0.999231,1300,0,NA,"P","CCC","P","syn","GI.1","2013_k9","s65"
"386",1989,"C","T",0,1,1327,0,NA,"L","TTA","L","syn","GI.1","2013_k9","s65"
"387",1991,"A","G",0,1,1334,0,NA,"L","CTG","L","syn","GI.1","2013_k9","s65"
"388",2027,"C","T",0,1,1230,0,NA,"S","TCT","S","syn","GI.1","2013_k9","s65"
"389",2054,"T","C",38,0.992872,982,0,NA,"Y","TAC","Y","syn","GI.1","2013_k9","s65"
"390",2063,"C","T",0,1,827,0,NA,"R","CGT","R","syn","GI.1","2013_k9","s65"
"391",2066,"G","A",0,1,813,0,NA,"A","GCA","A","syn","GI.1","2013_k9","s65"
"392",2075,"T","C",0,1,785,0,NA,"D","GAC","D","syn","GI.1","2013_k9","s65"
"393",2078,"G","T",0,1,614,0,NA,"V","GTT","V","syn","GI.1","2013_k9","s65"
"394",2120,"A","G",0,1,446,5.95667e-271,NA,"L","TTG","L","syn","GI.1","2013_k9","s65"
"395",2126,"A","G",0,1,448,4.86547e-273,NA,"K","AAG","K","syn","GI.1","2013_k9","s65"
"396",2238,"A","G",60,0.0367647,544,0.00000000277135,NA,"T","GCC","A","non_syn","GI.1","2013_k9","s65"
"397",2255,"T","C",26,0.998532,681,0,NA,"L","CTC","L","syn","GI.1","2013_k9","s65"
"398",2306,"C","T",42,0.995758,3536,0,NA,"I","ATT","I","syn","GI.1","2013_k9","s65"
"399",2405,"T","C",38,0.998646,3692,0,NA,"H","CAC","H","syn","GI.1","2013_k9","s65"
"400",2420,"T","C",37,0.998569,3495,0,NA,"T","ACC","T","syn","GI.1","2013_k9","s65"
"401",2585,"C","T",0,0.998031,508,0,NA,"Y","TAT","Y","syn","GI.1","2013_k9","s65"
"402",2612,"G","A",0,1,712,0,NA,"V","GTA","V","syn","GI.1","2013_k9","s65"
"403",2630,"A","G",0,1,793,0,NA,"P","CCG","P","syn","GI.1","2013_k9","s65"
"404",2636,"T","C",0,1,808,0,NA,"T","ACC","T","syn","GI.1","2013_k9","s65"
"405",2639,"T","C",0,1,810,0,NA,"T","ACC","T","syn","GI.1","2013_k9","s65"
"406",2927,"T","C",38,0.999562,2285,0,NA,"F","TTC","F","syn","GI.1","2013_k9","s65"
"407",2948,"T","C",0,1,2154,0,NA,"S","TCC","S","syn","GI.1","2013_k9","s65"
"408",2975,"A","G",0,1,1770,0,NA,"V","GTG","V","syn","GI.1","2013_k9","s65"
"409",2990,"A","G",0,1,1560,0,NA,"A","GCG","A","syn","GI.1","2013_k9","s65"
"410",3023,"A","G",38,0.999365,1575,0,NA,"G","GGG","G","syn","GI.1","2013_k9","s65"
"411",3032,"T","C",0,1,1660,0,NA,"Y","TAC","Y","syn","GI.1","2013_k9","s65"
"412",3045,"A","G",0,0.997562,1641,0,NA,"I","GTC","V","non_syn","GI.1","2013_k9","s65"
"413",3077,"C","T",39,0.998838,2582,0,NA,"I","ATT","I","syn","GI.1","2013_k9","s65"
"414",3119,"G","A",37,0.999731,3718,0,NA,"Q","CAA","Q","syn","GI.1","2013_k9","s65"
"415",3149,"T","C",57,0.997085,4459,0,NA,"I","ATC","I","syn","GI.1","2013_k9","s65"
"416",3152,"A","G",52,0.998446,4505,0,NA,"V","GTG","V","syn","GI.1","2013_k9","s65"
"417",3176,"C","T",37,0.998935,4696,0,NA,"H","CAT","H","syn","GI.1","2013_k9","s65"
"418",3182,"A","G",32,0.997875,4706,0,NA,"G","GGG","G","syn","GI.1","2013_k9","s65"
"419",3431,"C","T",0,1,856,0,NA,"N","AAT","N","syn","GI.1","2013_k9","s65"
"420",3434,"G","A",0,1,881,0,NA,"G","GGA","G","syn","GI.1","2013_k9","s65"
"421",3503,"C","T",73,0.998356,1825,0,NA,"S","TCT","S","syn","GI.1","2013_k9","s65"
"422",3515,"A","G",78,0.99907,2150,0,NA,"L","TTG","L","syn","GI.1","2013_k9","s65"
"423",3522,"C","T",77,0.999533,2141,0,NA,"L","TTG","L","syn","GI.1","2013_k9","s65"
"424",3530,"T","C",77,0.999531,2134,0,NA,"A","GCC","A","syn","GI.1","2013_k9","s65"
"425",3643,"T","C",0,1,421,2.23272999999999e-310,NA,"V","GCT","A","non_syn","GI.1","2013_k9","s65"
"426",3674,"C","T",0,1,575,0,NA,"H","CAT","H","syn","GI.1","2013_k9","s65"
"427",3752,"C","T",32,0.998599,1428,0,NA,"Y","TAT","Y","syn","GI.1","2013_k9","s65"
"428",3881,"T","C",20,0.999443,1795,0,NA,"G","GGC","G","syn","GI.1","2013_k9","s65"
"429",3917,"A","G",0,1,1251,0,NA,"A","GCG","A","syn","GI.1","2013_k9","s65"
"430",3935,"G","C",0,1,1128,0,NA,"R","CGC","R","syn","GI.1","2013_k9","s65"
"431",3950,"G","A",0,1,950,0,NA,"G","GGA","G","syn","GI.1","2013_k9","s65"
"432",4301,"C","T",67,0.0316206,759,1.15656e-11,NA,"G","GGT","G","syn","GI.1","2013_k9","s65"
"433",4304,"T","C",0,1,1103,0,NA,"V","GTC","V","syn","GI.1","2013_k9","s65"
"434",4346,"T","C",0,1,1993,0,NA,"N","AAC","N","syn","GI.1","2013_k9","s65"
"435",4610,"A","G",37,0.998819,3386,0,NA,"V","GTG","V","syn","GI.1","2013_k9","s65"
"436",4622,"T","C",39,0.998979,2938,0,NA,"H","CAC","H","syn","GI.1","2013_k9","s65"
"437",4628,"T","C",38,0.996548,2607,0,NA,"Y","TAC","Y","syn","GI.1","2013_k9","s65"
"438",4640,"C","T",39,0.998221,2249,0,NA,"C","TGT","C","syn","GI.1","2013_k9","s65"
"439",4688,"T","C",38,0.99678,1553,0,NA,"L","CTC","L","syn","GI.1","2013_k9","s65"
"440",4697,"A","G",35,0.991316,1497,0,NA,"L","CTG","L","syn","GI.1","2013_k9","s65"
"441",4718,"T","C",39,0.997789,1357,0,NA,"P","CCC","P","syn","GI.1","2013_k9","s65"
"442",4772,"G","A",0,1,1389,0,NA,"L","CTA","L","syn","GI.1","2013_k9","s65"
"443",4787,"G","A",70,0.999359,1560,0,NA,"T","ACA","T","syn","GI.1","2013_k9","s65"
"444",4820,"T","C",75,0.998816,2534,0,NA,"D","GAC","D","syn","GI.1","2013_k9","s65"
"445",4901,"T","C",36,0.998754,18466,0,NA,"R","CGC","R","syn","GI.1","2013_k9","s65"
"446",4916,"A","G",36,0.999494,17787,0,NA,"A","GCG","A","syn","GI.1","2013_k9","s65"
"447",4943,"A","C",37,0.999603,7549,0,NA,"A","GCC","A","syn","GI.1","2013_k9","s65"
"448",4952,"C","T",35,0.999035,7256,0,NA,"H","CAT","H","syn","GI.1","2013_k9","s65"
"449",4955,"A","G",37,0.998035,7125,0,NA,"G","GGG","G","syn","GI.1","2013_k9","s65"
"450",4991,"C","T",38,0.998363,4887,0,NA,"I","ATT","I","syn","GI.1","2013_k9","s65"
"451",5003,"G","A",37,0.999331,4484,0,NA,"Q","CAA","Q","syn","GI.1","2013_k9","s65"
"452",5021,"T","C",38,0.999713,3480,0,NA,"L","CTC","L","syn","GI.1","2013_k9","s65"
"453",5063,"C","T",36,0.998816,2534,0,NA,"A","GCT","A","syn","GI.1","2013_k9","s65"
"454",5084,"A","G",0,1,2387,0,NA,"V","GTG","V","syn","GI.1","2013_k9","s65"
"455",5093,"A","T",71,0.99953,2126,0,NA,"P","CCT","P","syn","GI.1","2013_k9","s65"
"456",5099,"C","T",70,0.999536,2153,0,NA,"G","GGT","G","syn","GI.1","2013_k9","s65"
"457",5165,"G","A",77,0.999245,2650,0,NA,"K","AAA","K","syn","GI.1","2013_k9","s65"
"458",5387,"C","T",72,0.999244,1323,0,NA,"F","TTT","F","syn","GI.1","2013_k9","s65"
"459",5430,"G","T",37,0.999298,17094,0,NA,"A","TCT","S","non_syn","GI.1","2013_k9","s65"
"460",5802,"C","A",38,0.999705,3385,0,NA,"R","AGG","R","syn","GI.1","2013_k9","s65"
"461",5849,"G","A",35,0.99898,1960,0,NA,"L","CTA","L","syn","GI.1","2013_k9","s65"
"462",5850,"T","C",36,0.99899,1980,0,NA,"L","CTG","L","syn","GI.1","2013_k9","s65"
"463",5900,"G","A",38,0.998147,1619,0,NA,"V","GTA","V","syn","GI.1","2013_k9","s65"
"464",5927,"T","C",0,1,1421,0,NA,"H","CAC","H","syn","GI.1","2013_k9","s65"
"465",5936,"C","T",0,1,1388,0,NA,"V","GTT","V","syn","GI.1","2013_k9","s65"
"466",5981,"G","C",0,0.996875,1280,0,NA,"T","ACC","T","syn","GI.1","2013_k9","s65"
"467",6047,"G","T",77,0.999356,1553,0,NA,"A","GCT","A","syn","GI.1","2013_k9","s65"
"468",6081,"C","T",63,0.99826,1724,0,NA,"L","TTG","L","syn","GI.1","2013_k9","s65"
"469",6167,"G","A",0,1,413,9.16301e-297,NA,"P","CCA","P","syn","GI.1","2013_k9","s65"
"470",6170,"C","T",0,0.998305,590,0,NA,"S","TCT","S","syn","GI.1","2013_k9","s65"
"471",6206,"T","C",0,0.999154,1182,0,NA,"N","AAC","N","syn","GI.1","2013_k9","s65"
"472",6221,"T","C",77,0.994295,1227,0,NA,"Y","TAC","Y","syn","GI.1","2013_k9","s65"
"473",6242,"C","T",0,1,4002,0,NA,"V","GTT","V","syn","GI.1","2013_k9","s65"
"474",6284,"A","T",0,0.999412,6806,0,NA,"V","GTT","V","syn","GI.1","2013_k9","s65"
"475",6338,"T","C",61,0.999477,9561,0,NA,"N","AAC","N","syn","GI.1","2013_k9","s65"
"476",6374,"G","A",78,0.998982,4910,0,NA,"K","AAA","K","syn","GI.1","2013_k9","s65"
"477",6380,"A","G",0,0.999796,4900,0,NA,"V","GTG","V","syn","GI.1","2013_k9","s65"
"478",6452,"C","T",38,0.997183,710,0,NA,"G","GGT","G","syn","GI.1","2013_k9","s65"
"479",6485,"T","C",0,0.997132,1046,0,NA,"N","AAC","N","syn","GI.1","2013_k9","s65"
"480",6509,"C","T",33,0.999337,1509,0,NA,"R","CGT","R","syn","GI.1","2013_k9","s65"
"481",6518,"T","C",0,1,1754,0,NA,"S","AGC","S","syn","GI.1","2013_k9","s65"
"482",6527,"A","G",0,1,1901,0,NA,"G","GGG","G","syn","GI.1","2013_k9","s65"
"483",6587,"T","C",55,0.99862,3624,0,NA,"D","GAC","D","syn","GI.1","2013_k9","s65"
"484",6593,"C","T",63,0.999231,3900,0,NA,"V","GTT","V","syn","GI.1","2013_k9","s65"
"485",6602,"A","T",0,0.999745,3928,0,NA,"P","CCT","P","syn","GI.1","2013_k9","s65"
"486",6608,"T","C",70,0.998722,3913,0,NA,"N","AAC","N","syn","GI.1","2013_k9","s65"
"487",6617,"G","A",0,0.999745,3928,0,NA,"A","GCA","A","syn","GI.1","2013_k9","s65"
"488",6650,"C","T",49,0.999276,9664,0,NA,"F","TTT","F","syn","GI.1","2013_k9","s65"
"489",6659,"T","C",45,0.998435,9585,0,NA,"G","GGC","G","syn","GI.1","2013_k9","s65"
"490",6662,"T","C",49,0.998226,9581,0,NA,"I","ATC","I","syn","GI.1","2013_k9","s65"
"491",6668,"C","T",50,0.996167,9393,0,NA,"P","CCT","P","syn","GI.1","2013_k9","s65"
"492",6692,"A","G",38,0.99929,2816,0,NA,"G","GGG","G","syn","GI.1","2013_k9","s65"
"493",6695,"C","T",39,0.99965,2855,0,NA,"S","TCT","S","syn","GI.1","2013_k9","s65"
"494",6707,"C","T",39,0.999632,2715,0,NA,"N","AAT","N","syn","GI.1","2013_k9","s65"
"495",6725,"G","A",39,0.998351,2425,0,NA,"E","GAA","E","syn","GI.1","2013_k9","s65"
"496",6829,"G","A",37,0.998616,1445,0,NA,"V","GTA","V","syn","GI.1","2013_k9","s65"
"497",6829,"G","A",37,0.998616,1445,0,NA,"W","TAG","*","non_syn","GI.1","2013_k9","s65"
"498",6835,"C","T",37,0.998574,1403,0,NA,"A","GCT","A","syn","GI.1","2013_k9","s65"
"499",6835,"C","T",37,0.998574,1403,0,NA,"P","CTC","L","non_syn","GI.1","2013_k9","s65"
"500",6853,"A","G",37,0.999114,1129,0,NA,"S","TCG","S","syn","GI.1","2013_k9","s65"
"501",6853,"A","G",37,0.999114,1129,0,NA,"H","CGT","R","non_syn","GI.1","2013_k9","s65"
"502",6857,"G","A",37,0.997302,1112,0,NA,"A","ACT","T","non_syn","GI.1","2013_k9","s65"
"503",6857,"G","A",37,0.997302,1112,0,NA,"W","TGA","*","non_syn","GI.1","2013_k9","s65"
"504",6889,"A","G",34,0.99808,2083,0,NA,"V","GTG","V","syn","GI.1","2013_k9","s65"
"505",6889,"A","G",34,0.99808,2083,0,NA,"Y","TGT","C","non_syn","GI.1","2013_k9","s65"
"506",6904,"A","G",36,0.998277,2321,0,NA,"Q","CAG","Q","syn","GI.1","2013_k9","s65"
"507",6904,"A","G",36,0.998277,2321,0,NA,"K","AGG","R","non_syn","GI.1","2013_k9","s65"
"508",6934,"G","T",44,0.998521,5408,0,NA,"L","CTT","L","syn","GI.1","2013_k9","s65"
"509",6934,"G","T",44,0.998521,5408,0,NA,"*","TTA","L","non_syn","GI.1","2013_k9","s65"
"510",6952,"T","C",42,0.996476,5676,0,NA,"N","AAC","N","syn","GI.1","2013_k9","s65"
"511",6952,"T","C",42,0.996476,5676,0,NA,"I","ACA","T","non_syn","GI.1","2013_k9","s65"
"512",6965,"C","T",46,0.997853,5589,0,NA,"L","TTG","L","syn","GI.1","2013_k9","s65"
"513",6965,"C","T",46,0.997853,5589,0,NA,"H","CAT","H","syn","GI.1","2013_k9","s65"
"514",6973,"A","G",46,0.998011,5530,0,NA,"K","AAG","K","syn","GI.1","2013_k9","s65"
"515",6973,"A","G",46,0.998011,5530,0,NA,"N","AGT","S","non_syn","GI.1","2013_k9","s65"
"516",7000,"T","C",39,0.99888,3573,0,NA,"L","CTC","L","syn","GI.1","2013_k9","s65"
"517",7000,"T","C",39,0.99888,3573,0,NA,"F","TCT","S","non_syn","GI.1","2013_k9","s65"
"518",7033,"G","A",36,0.999224,3866,0,NA,"S","TCA","S","syn","GI.1","2013_k9","s65"
"519",7033,"G","A",36,0.999224,3866,0,NA,"R","CAG","Q","non_syn","GI.1","2013_k9","s65"
"520",7040,"G","A",46,0.99849,3973,0,NA,"D","AAC","N","non_syn","GI.1","2013_k9","s65"
"521",7040,"G","A",46,0.99849,3973,0,NA,"L","TTA","L","syn","GI.1","2013_k9","s65"
"522",7072,"C","T",38,0.99851,4698,0,NA,"R","CGT","R","syn","GI.1","2013_k9","s65"
"523",7072,"C","T",38,0.99851,4698,0,NA,"A","GTA","V","non_syn","GI.1","2013_k9","s65"
"524",7078,"C","T",49,0.999136,4629,0,NA,"A","GCT","A","syn","GI.1","2013_k9","s65"
"525",7078,"C","T",49,0.999136,4629,0,NA,"P","CTG","L","non_syn","GI.1","2013_k9","s65"
"526",7135,"C","T",61,0.992282,2980,0,NA,"G","GGT","G","syn","GI.1","2013_k9","s65"
"527",7135,"C","T",61,0.992282,2980,0,NA,"A","GTA","V","non_syn","GI.1","2013_k9","s65"
"528",7156,"A","G",0,1,3602,0,NA,"Q","CAG","Q","syn","GI.1","2013_k9","s65"
"529",7156,"A","G",0,1,3602,0,NA,"K","AGA","R","non_syn","GI.1","2013_k9","s65"
"530",7159,"C","T",64,0.999174,3631,0,NA,"T","ACT","T","syn","GI.1","2013_k9","s65"
"531",7159,"C","T",64,0.999174,3631,0,NA,"P","CTA","L","non_syn","GI.1","2013_k9","s65"
"532",7165,"T","C",56,0.999226,3875,0,NA,"H","CAC","H","syn","GI.1","2013_k9","s65"
"533",7165,"T","C",56,0.999226,3875,0,NA,"I","ACT","T","non_syn","GI.1","2013_k9","s65"
"534",7174,"C","T",78,0.999769,4337,0,NA,"S","TCT","S","syn","GI.1","2013_k9","s65"
"535",7174,"C","T",78,0.999769,4337,0,NA,"P","CTT","L","non_syn","GI.1","2013_k9","s65"
"536",7198,"T","C",71,0.993461,4741,0,NA,"F","TTC","F","syn","GI.1","2013_k9","s65"
"537",7198,"T","C",71,0.993461,4741,0,NA,"L","TCA","S","non_syn","GI.1","2013_k9","s65"
"538",7231,"C","T",57,0.999447,5423,0,NA,"P","CCT","P","syn","GI.1","2013_k9","s65"
"539",7231,"C","T",57,0.999447,5423,0,NA,"P","CTC","L","non_syn","GI.1","2013_k9","s65"
"540",7252,"G","A",0,1,5406,0,NA,"K","AAA","K","syn","GI.1","2013_k9","s65"
"541",7252,"G","A",0,1,5406,0,NA,"S","AAC","N","non_syn","GI.1","2013_k9","s65"
"542",30,"T","C",37,0.0329521,3672,1.94684e-33,NA,"V","GTC","V","syn","GI.1","2015_k5","s90"
"543",3060,"A","T",52,0.962484,3172,0,NA,"T","ACT","T","syn","GI.1","2015_k5","s90"
"544",7154,"C","T",63,0.223172,2106,1.65496e-219,NA,"H","CAT","H","syn","GI.1","2015_k5","s90"
"545",7154,"C","T",63,0.223172,2106,1.65496e-219,NA,"H","CAT","H","syn","GI.1","2015_k5","s90"
"546",1581,"C","T",53,0.366225,2493,0,NA,"D","GAT","D","syn","GI.1","2015_k5","s91"
"547",4329,"T","C",64,0.0593103,725,7.51771e-20,NA,"V","GTC","V","syn","GI.1","2015_k5","s91"
"548",6057,"G","A",70,0.0427757,3156,1.04804e-62,NA,"S","TCA","S","syn","GI.1","2015_k5","s91"
"549",7154,"C","T",62,0.197322,2838,4.00086e-257,NA,"H","CAT","H","syn","GI.1","2015_k5","s91"
"550",7154,"C","T",62,0.197322,2838,4.00086e-257,NA,"H","CAT","H","syn","GI.1","2015_k5","s91"
"551",2409,"C","T",43,0.064966,11329,9.0764e-249,NA,"D","GAT","D","syn","GI.1","2015_k5","s92"
"552",4329,"T","C",65,0.0476948,629,4.82736e-14,NA,"V","GTC","V","syn","GI.1","2015_k5","s92"
"553",6057,"G","A",69,0.0383739,2632,9.27064e-47,NA,"S","TCA","S","syn","GI.1","2015_k5","s92"
"554",7154,"C","T",63,0.157853,2534,6.91377e-182,NA,"H","CAT","H","syn","GI.1","2015_k5","s92"
"555",7154,"C","T",63,0.157853,2534,6.91377e-182,NA,"H","CAT","H","syn","GI.1","2015_k5","s92"
"556",108,"C","A",38,0.0818358,3617,2.15647e-87,NA,"N","AAA","K","non_syn","GI.1","2015_k5","s93"
"557",3060,"A","T",50,0.311529,6696,0,NA,"T","ACT","T","syn","GI.1","2015_k5","s93"
"558",3750,"A","T",58,0.0589819,8172,4.78173e-200,NA,"A","GCT","A","syn","GI.1","2015_k5","s93"
"559",6057,"G","A",70,0.0412201,3639,1.42429e-69,NA,"S","TCA","S","syn","GI.1","2015_k5","s93"
"560",7154,"C","T",62,0.116681,3411,2.68702e-178,NA,"H","CAT","H","syn","GI.1","2015_k5","s93"
"561",7154,"C","T",62,0.116681,3411,2.68702e-178,NA,"H","CAT","H","syn","GI.1","2015_k5","s93"
"562",3132,"C","T",53,0.988397,9739,0,NA,"T","ACT","T","syn","GI.1","2015_k5","s94"
"563",4329,"T","C",64,0.107513,772,2.10659e-38,NA,"V","GTC","V","syn","GI.1","2015_k5","s94"
"564",6057,"G","A",69,0.0519912,2712,2.15143e-65,NA,"S","TCA","S","syn","GI.1","2015_k5","s94"
"565",7154,"C","T",62,0.165304,2202,3.96101e-165,NA,"H","CAT","H","syn","GI.1","2015_k5","s94"
"566",7154,"C","T",62,0.165304,2202,3.96101e-165,NA,"H","CAT","H","syn","GI.1","2015_k5","s94"
"567",5845,"C","T",52,0.0607407,675,1.03949e-16,NA,"Q","TAA","*","non_syn","GI.2","2013_k4","s66"
"568",5896,"G","A",49,0.0805509,4792,1.4651e-147,NA,"G","AGC","S","non_syn","GI.2","2013_k4","s66"
"569",6111,"A","G",52,0.0823117,571,1.59351e-19,NA,"A","GCG","A","syn","GI.2","2013_k4","s66"
"570",6204,"C","A",67,0.0417091,1966,5.66831e-38,NA,"H","CAA","Q","non_syn","GI.2","2013_k4","s66"
"571",6375,"G","A",45,0.0944444,900,3.21615e-32,NA,"V","GTA","V","syn","GI.2","2013_k4","s66"
"572",3816,"G","A",67,0.0597582,2895,5.85847e-80,NA,"K","AAA","K","syn","GI.2","2013_k4","s67"
"573",4962,"C","T",64,0.0639275,7618,1.02551e-216,NA,"A","GCT","A","syn","GI.2","2013_k4","s67"
"574",5302,"C","A",67,0.0463241,6325,4.47342e-133,NA,"L","ATG","M","non_syn","GI.2","2013_k4","s67"
"575",6099,"A","G",50,0.154221,616,2.31777e-39,NA,"L","TTG","L","syn","GI.2","2013_k4","s68"
"576",6461,"A","T",39,0.0337877,38002,0,NA,"Y","TTC","F","non_syn","GI.2","2013_k4","s68"
"577",6992,"G","A",41,0.0330969,8037,3.84345e-88,NA,"M","ATA","I","non_syn","GI.2","2013_k4","s68"
"578",6992,"G","A",41,0.0330969,8037,3.84345e-88,NA,"W","TAG","*","non_syn","GI.2","2013_k4","s68"
"579",7187,"A","T",45,0.0373317,3268,9.56536e-44,NA,"A","GCT","A","syn","GI.2","2013_k4","s68"
"580",7187,"A","T",45,0.0373317,3268,9.56536e-44,NA,"Q","CTG","L","non_syn","GI.2","2013_k4","s68"
"581",3816,"G","A",70,0.0684327,1359,4.6709e-44,NA,"K","AAA","K","syn","GI.2","2013_k4","s69"
"582",1323,"T","C",38,0.0745052,859,1.32578e-20,NA,"L","CTC","L","syn","GI.2","2013_k4","s70"
"583",2229,"A","G",38,0.137119,2589,1.52255e-109,NA,"A","GCG","A","syn","GI.2","2013_k4","s70"
"584",3791,"C","T",67,0.0686845,859,2.23717e-27,NA,"T","ATT","I","non_syn","GI.2","2013_k4","s70"
"585",3816,"G","A",69,0.072028,1430,2.00997e-48,NA,"K","AAA","K","syn","GI.2","2013_k4","s70"
"586",4380,"C","T",38,0.435479,3309,0,NA,"V","GTT","V","syn","GI.2","2013_k4","s70"
"587",7256,"G","A",61,0.455221,2423,0,NA,"K","AAA","K","syn","GI.2","2013_k4","s70"
"588",7256,"G","A",61,0.455221,2423,0,NA,"R","AAA","K","non_syn","GI.2","2013_k4","s70"
